Noise,N,Kernel,State,Regular,Optimization,N_per_Time,RMSE,MAE,R2,NLPD,MSLL,CRPS,sMSE,Coverage,NLML
0,5,SqExp,Prey,Yes,Default,1,2.55008434047772,2.13076612107561,-0.00564113125110621,2.39107340075717,-0.0448825262944567,1.45375216659338,1.0036298489886,0.984,14.013073321401
0,5,SqExp,Predator,Yes,Default,1,3.62961888591235,2.9840621012271,-0.617710188352884,94.5867888727018,92.0700092146348,2.83751648158422,1.61447476797618,0.126,18.5144251740781
0,5,Matern 1/2,Prey,Yes,Default,1,2.55007033153517,2.13075565147245,-0.0056300822595734,2.3910696614866,-0.044886265565027,1.45374538666017,1.00361882209505,0.984,14.0130738779095
0,5,Matern 1/2,Predator,Yes,Default,1,2.79089458591434,2.22234870691539,0.0435428126787077,2.47378557814808,-0.0429940799188886,1.59185513419867,0.95454427294665,0.84,19.7119969727056
0,5,Matern 3/2,Prey,Yes,Default,1,2.55008389822566,2.13076575727594,-0.00564078244159871,2.39107325386983,-0.0448826731817973,1.45375194797773,1.00362950087672,0.984,14.013073551095
0,5,Matern 3/2,Predator,Yes,Default,1,3.35711359100883,2.74525437843912,-0.383919220824435,7.65325043327422,5.13647077520726,2.30192659076648,1.38115138238279,0.258,19.2112605291577
0,5,Matern 5/2,Prey,Yes,Default,1,2.55008383995232,2.13076566464973,-0.00564073648072139,2.39107325173207,-0.0448826753195515,1.45375190830486,1.00362945500776,0.984,14.0130734547322
0,5,Matern 5/2,Predator,Yes,Default,1,3.49943296893965,2.86893618891596,-0.503744413205194,18.000134444983,15.4833547869161,2.55394422030065,1.50073692437878,0.214,18.7981703199798
0,5,RatQuad,Prey,Yes,Default,1,2.55008662724257,2.13076796053136,-0.00564293485091394,2.39107402960701,-0.0448818974446167,1.45375334243499,1.00363164898121,0.984,14.0130730939975
0,5,RatQuad,Predator,Yes,Default,1,2.94493325736817,2.41088203245988,-0.0649508924189719,2.56625845973662,0.0494788016696542,1.69689676857092,1.06282099063413,0.838,19.7156112002799
0,5,Periodic,Prey,Yes,Default,1,2.55008680020969,2.13076804861687,-0.00564307127229369,2.39107396183865,-0.0448819652129732,1.45375336115517,1.00363178512975,0.984,14.0130739258743
0,5,Periodic,Predator,Yes,Default,1,2.94524031257778,2.41116186692757,-0.0651729794669793,2.56642653386056,0.0496468757935976,1.69711285379436,1.06304263350805,0.838,19.7156116370539
0,10,SqExp,Prey,Yes,Default,1,2.56149181995667,1.94735059016499,-0.0146584717965426,2.65821505215807,0.0734545523075917,1.41487550363449,1.01262915485295,0.83,24.4392577929943
0,10,SqExp,Predator,Yes,Default,1,2.86283911545919,2.53219151051134,-0.00640446177786669,2.48513731394102,-0.0137346900579848,1.66747354937556,1.00439165285431,1,38.8668251490481
0,10,Matern 1/2,Prey,Yes,Default,1,2.56149166668511,1.94735045198738,-0.0146583503686488,2.65821507565754,0.0734545758070588,1.41487541315432,1.01262903366791,0.83,24.4392599853914
0,10,Matern 1/2,Predator,Yes,Default,1,2.86283873296391,2.53219118962793,-0.00640419285256555,2.48513719000572,-0.0137348139932821,1.6674733306579,1.00439138446686,1,38.866829761844
0,10,Matern 3/2,Prey,Yes,Default,1,2.56149177367306,1.94735054472074,-0.0146584351288039,2.65821501168387,0.0734545118333855,1.41487547083223,1.01262911825855,0.83,24.4392587101595
0,10,Matern 3/2,Predator,Yes,Default,1,2.86283906183141,2.53219146840498,-0.00640442407316888,2.48513730336017,-0.0137347006388323,1.66747352034422,1.00439161522502,1,38.8668268998547
0,10,Matern 5/2,Prey,Yes,Default,1,2.56149183399358,1.94735060552882,-0.0146584829171494,2.65821513261789,0.0734546327674068,1.41487552038749,1.01262916595132,0.83,24.4392591579604
0,10,Matern 5/2,Predator,Yes,Default,1,2.86283910509527,2.53219150334072,-0.00640445449118565,2.48513730825918,-0.013734695739822,1.66747354381681,1.0043916455822,1,38.8668273122642
0,10,RatQuad,Prey,Yes,Default,1,2.56149181837438,1.94735058876003,-0.0146584705429929,2.65821507519791,0.0734545753474323,1.41487550476134,1.01262915360191,0.83,24.4392563271136
0,10,RatQuad,Predator,Yes,Default,1,2.86283911397218,2.53219150994531,-0.00640446073237522,2.48513731221319,-0.0137346917858076,1.66747354857662,1.00439165181091,1,38.8668213204539
0,10,Periodic,Prey,Yes,Default,1,2.5614918384478,1.94735061025627,-0.0146584864459589,2.65821552954175,0.0734550296912738,1.41487555856992,1.01262916947307,0.83,24.4392620315227
0,10,Periodic,Predator,Yes,Default,1,2.8628391208399,2.53219151619493,-0.00640446556093943,2.48513724755435,-0.0137347564446477,1.66747354741211,1.00439165662982,1,38.8668353657937
0,25,SqExp,Prey,Yes,Default,1,2.5430028822619,2.04820936563512,-6.36547399424092e-05,2.35309410754228,-0.00152787398712654,1.41502736787608,0.998063527430463,0.91,66.640381899354
0,25,SqExp,Predator,Yes,Default,1,2.85648304127175,2.46881210092482,-0.00194058511680395,2.46853316228797,-0.000336417087651567,1.65386338119136,0.99993670394657,0.992,97.9593818911518
0,25,Matern 1/2,Prey,Yes,Default,1,0.423230384274505,0.313114922121788,0.972299499463316,1.24393931031421,-1.1106826712152,0.377462218713324,0.0276450995356106,1,66.7104750022714
0,25,Matern 1/2,Predator,Yes,Default,1,0.403840307156799,0.25350162031648,0.979973825516632,1.03748357799809,-1.43138600137753,0.316015726527484,0.0199861221344013,1,97.8279880080316
0,25,Matern 3/2,Prey,Yes,Default,1,2.54299998123775,2.0482067454141,-6.13730223815168e-05,2.35309302429797,-0.00152895723143941,1.41502569445299,0.998061250276337,0.91,66.6404033131944
0,25,Matern 3/2,Predator,Yes,Default,1,0.200598343363079,0.116587295684459,0.995058789531701,-0.0622844451880204,-2.53115402456364,0.124872303437336,0.0049313280473619,1,92.7700803831545
0,25,Matern 5/2,Prey,Yes,Default,1,2.54300267790787,2.04820917120634,-6.34940110408877e-05,2.35309402442595,-0.00152795710345999,1.41502723886038,0.998063367023019,0.91,66.6403999945013
0,25,Matern 5/2,Predator,Yes,Default,1,2.85648261045448,2.46881170748703,-0.00194028288972081,2.46853301042574,-0.000336568949883,1.65386310393717,0.999936402323941,0.992,97.9595062990057
0,25,RatQuad,Prey,Yes,Default,1,2.54300283377961,2.0482093190957,-6.36166075602684e-05,2.35309408892353,-0.00152789260587672,1.41502733826517,0.998063489374345,0.91,66.6403825304782
0,25,RatQuad,Predator,Yes,Default,1,2.85648303461227,2.46881209526095,-0.0019405804450443,2.46853316013633,-0.000336419239291931,1.65386338130005,0.999936699284154,0.992,97.9594383632649
0,25,Periodic,Prey,Yes,Default,1,2.54300291424269,2.0482093964931,-6.36798935265137e-05,2.35309410333028,-0.00152787819912646,1.41502737045502,0.99806355253374,0.91,66.6404058441351
0,25,Periodic,Predator,Yes,Default,1,2.85648304236492,2.46881210214265,-0.00194058588368384,2.46853316382432,-0.000336415551294309,1.65386340632241,0.999936704711916,0.992,97.9595402993702
0,50,SqExp,Prey,Yes,Default,1,2.54297598461362,2.04961158388383,-4.24992639660449e-05,2.35233312679213,5.37190975786155e-05,1.41373578937428,0.998042414265438,0.904,132.591783540165
0,50,SqExp,Predator,Yes,Default,1,2.85422767105053,2.48010033713576,-0.000359021479707566,2.46773990538599,-0.000107133704577498,1.65594494677701,0.998358303436748,1,197.939859469612
0,50,Matern 1/2,Prey,Yes,Default,1,0.145097262530298,0.0761148628333237,0.996744240045819,0.396507202608601,-1.95577220508595,0.156459289826444,0.00324924843427311,1,130.386357407929
0,50,Matern 1/2,Predator,Yes,Default,1,0.101080350610505,0.0565542412475236,0.998745380168734,0.274308270792224,-2.19353876829835,0.135561493830222,0.00125211059160328,1,169.868240900263
0,50,Matern 3/2,Prey,Yes,Default,1,0.0273892759947377,0.0130458001310815,0.999883990102299,-1.14085340624511,-3.49313281393966,0.034667383117198,0.000115777877905327,1,129.163633738073
0,50,Matern 3/2,Predator,Yes,Default,1,0.0166955989348039,0.00772381493139295,0.999965771909186,-1.46724137675347,-3.93508841584404,0.0237350014050072,3.41596346327481e-05,1,161.76927838458
0,50,Matern 5/2,Prey,Yes,Default,1,0.0206415357966301,0.0110154680185035,0.999934110235801,-1.72517085569286,-4.07745026338741,0.0189803192766872,6.5757984670341e-05,1,129.564194752565
0,50,Matern 5/2,Predator,Yes,Default,1,0.0126887274219628,0.00697528582694651,0.999980229629658,-2.00227260654827,-4.47011964563884,0.0135357373790747,1.97308296016264e-05,1,172.085211928758
0,50,RatQuad,Prey,Yes,Default,1,0.0211889552339604,0.0134044860284477,0.999930569063034,-1.78580590529724,-4.13808531299179,0.017456457538261,6.92920750924336e-05,1,133.073360127512
0,50,RatQuad,Predator,Yes,Default,1,0.0137318348846914,0.00863110959073912,0.99997684547831,-2.14563637004476,-4.61348340913533,0.0120208796084104,2.31082126470091e-05,1,195.16560375898
0,50,Periodic,Prey,Yes,Default,1,2.54297614370557,2.04961173737287,-4.26243919409153e-05,2.35233319751265,5.3789818103203e-05,1.4137358724655,0.998042539143157,0.904,132.591892616027
0,50,Periodic,Predator,Yes,Default,1,2.85422767233679,2.4801003387881,-0.000359022381330787,2.46773990555509,-0.000107133535477749,1.65594498869733,0.998358304336568,1,197.940563145422
0.01,5,SqExp,Prey,Yes,Default,1,2.55033295572697,2.13209537071503,-0.00583722665392239,2.3911837175412,-0.0448876541740473,1.45410085921903,1.00382555220061,0.984,14.0171095758867
0.01,5,SqExp,Predator,Yes,Default,1,3.63983926133162,2.98988665129737,-0.626833395964172,88.972880328524,86.4572595274284,2.83892400301125,1.62357972917224,0.13,18.5097405702312
0.01,5,Matern 1/2,Prey,Yes,Default,1,2.55031921256215,2.13208500485694,-0.00582638622658371,2.39118002138799,-0.0448913503272608,1.45409416039636,1.00381473345413,0.984,14.0171103330282
0.01,5,Matern 1/2,Predator,Yes,Default,1,2.7892320668514,2.22089074409379,0.0446819848279602,2.46678070270812,-0.0488400983875214,1.58876219225492,0.953407379141696,0.844,19.6658139570063
0.01,5,Matern 3/2,Prey,Yes,Default,1,2.55033255026331,2.1320950326882,-0.00583690682869187,2.39118358025256,-0.0448877914626908,1.45410065777743,1.00382523301503,0.984,14.0171098064743
0.01,5,Matern 3/2,Predator,Yes,Default,1,3.35797285456293,2.74246987058852,-0.384627748254029,7.42229254269369,4.90667174159805,2.2939789216973,1.38185849275752,0.26,19.1942745501802
0.01,5,Matern 5/2,Prey,Yes,Default,1,2.55033266908039,2.13209508484914,-0.00583700055027747,2.39118362020852,-0.0448877515067336,1.45410070565412,1.00382532654918,0.984,14.0171097409321
0.01,5,Matern 5/2,Predator,Yes,Default,1,3.50426340671629,2.86969719102133,-0.507898661698684,17.2381693939802,14.7225485928846,2.5488484861874,1.50488286437529,0.214,18.7980384765309
0.01,5,RatQuad,Prey,Yes,Default,1,2.55033513505937,2.1320971682791,-0.00583894568797172,2.39118438415437,-0.0448869875608804,1.45410202402231,1.0038272677966,0.984,14.0171088606709
0.01,5,RatQuad,Predator,Yes,Default,1,2.94490931348854,2.41090332366564,-0.0649335752507443,2.56381747225841,0.0481966711627705,1.69619320694633,1.06280370810024,0.84,19.669084023592
0.01,5,Periodic,Prey,Yes,Default,1,2.55033537154107,2.13209725895479,-0.00583913222229215,2.39118426775882,-0.0448871039564337,1.45410203129735,1.00382745395785,0.984,14.0171101765266
0.01,5,Periodic,Predator,Yes,Default,1,2.94520002880866,2.41116838189055,-0.0651438416823669,2.56397533113452,0.048354530038877,1.69639728866261,1.063013553999,0.84,19.6690844621934
0.01,10,SqExp,Prey,Yes,Default,1,2.56126183166309,1.94797246203979,-0.014476273991058,2.65537600802036,0.0729985365447106,1.41484352571793,1.01244732144308,0.83,24.4500832621898
0.01,10,SqExp,Predator,Yes,Default,1,2.86212322438113,2.5303185445127,-0.00590119501103592,2.48501645794624,-0.0137801013452549,1.66678739913374,1.00388939262101,1,38.816267620427
0.01,10,Matern 1/2,Prey,Yes,Default,1,2.56126167747366,1.94797232290542,-0.0144761518469514,2.65537602723761,0.0729985557619585,1.41484343433735,1.01244719954326,0.83,24.4500854418313
0.01,10,Matern 1/2,Predator,Yes,Default,1,2.86212284097772,2.53031822359222,-0.0059009255146556,2.48501633412419,-0.0137802251673093,1.66678718004037,1.00388912366363,1,38.8162721543311
0.01,10,Matern 3/2,Prey,Yes,Default,1,2.56126178391411,1.9479724147757,-0.0144762361657869,2.65537596375189,0.0729984922762381,1.41484349148444,1.01244728369346,0.83,24.4500841696272
0.01,10,Matern 3/2,Predator,Yes,Default,1,2.86212317085185,2.53031850451973,-0.00590115738500918,2.48501644760086,-0.0137801116906386,1.66678737025376,1.00388935507024,1,38.8162693225397
0.01,10,Matern 5/2,Prey,Yes,Default,1,2.56126184612938,1.94797247787702,-0.0144762854508018,2.65537604612806,0.0729985746524129,1.41484353901673,1.0124473328799,0.83,24.4500843298078
0.01,10,Matern 5/2,Predator,Yes,Default,1,2.86212321393485,2.53031853826938,-0.0059011876682884,2.48501645248483,-0.0137801068066648,1.6667873935483,1.00388938529295,1,38.8162697219597
0.01,10,RatQuad,Prey,Yes,Default,1,2.56126182991876,1.9479724604418,-0.0144762726092491,2.65537603009936,0.072998558623709,1.41484352665128,1.01244732006403,0.83,24.4500817983244
0.01,10,RatQuad,Predator,Yes,Default,1,2.86212322288341,2.53031854407332,-0.00590119395827804,2.48501645628537,-0.0137801030061224,1.66678739832932,1.00388939157036,1,38.8162637868709
0.01,10,Periodic,Prey,Yes,Default,1,2.56126185073773,1.94797248278256,-0.0144762891014005,2.65537648273692,0.0729990112612713,1.41484358100757,1.0124473365232,0.83,24.4500875032262
0.01,10,Periodic,Predator,Yes,Default,1,2.86212322979302,2.53031854954873,-0.00590119881507989,2.48501639140624,-0.0137801678852546,1.66678739680312,1.00388939641745,1,38.8162777613147
0.01,25,SqExp,Prey,Yes,Default,1,2.54294704772307,2.05162446163044,-1.9740137752855e-05,2.3530891675857,-0.00153931944893669,1.41579645200298,0.998019700657477,0.91,66.7082913712726
0.01,25,SqExp,Predator,Yes,Default,1,2.85684017629987,2.46761598520572,-0.00219113829202255,2.4686724604513,-0.000242007618345082,1.65385746433411,1.00018675601544,0.988,97.9474262505183
0.01,25,Matern 1/2,Prey,Yes,Default,1,0.424575104739316,0.31888702758964,0.972123195458523,1.24715422684077,-1.10747426019386,0.37842944406086,0.0278210509323943,1,66.778095565557
0.01,25,Matern 1/2,Predator,Yes,Default,1,0.409994715108942,0.260402422862275,0.979358788401714,1.03878370504618,-1.43013076302346,0.317143866648875,0.0205999291750898,1,97.7923858917671
0.01,25,Matern 3/2,Prey,Yes,Default,1,2.54294283133006,2.05162064773802,-1.64239281221779e-05,2.35308760627638,-0.00154088075825485,1.41579402863476,0.998016391080266,0.91,66.7083103997353
0.01,25,Matern 3/2,Predator,Yes,Default,1,0.207247994498741,0.12519374461018,0.994725766632785,-0.038809306102384,-2.50772377417202,0.127449454187279,0.00526368490048051,1,92.7638508053075
0.01,25,Matern 5/2,Prey,Yes,Default,1,2.5429468486162,2.05162427200422,-1.95835392948762e-05,2.35308908631474,-0.00153940071989515,1.41579632611087,0.998019544372216,0.91,66.7083094854569
0.01,25,Matern 5/2,Predator,Yes,Default,1,2.85683975670861,2.46761560326236,-0.00219084390340751,2.46867231124692,-0.000242156822722935,1.65385719365515,1.0001864622156,0.988,97.9475518407501
0.01,25,RatQuad,Prey,Yes,Default,1,2.54294700062814,2.05162441640436,-1.97030973712042e-05,2.35308914947422,-0.00153933756040764,1.41579642320806,0.998019663691176,0.91,66.708291909185
0.01,25,RatQuad,Predator,Yes,Default,1,2.85684016981009,2.46761597979234,-0.00219113373874236,2.46867245859117,-0.000242009478471145,1.65385746464183,1.00018675147126,0.988,97.9474837582296
0.01,25,Periodic,Prey,Yes,Default,1,2.54294707959629,2.05162449238492,-1.97652061839637e-05,2.3530891644562,-0.00153932257843415,1.41579645619384,0.998019725675772,0.91,66.7083150309755
0.01,25,Periodic,Predator,Yes,Default,1,2.85684017728358,2.46761598629351,-0.00219113898220025,2.46867246325544,-0.000242004814198131,1.65385748832693,1.00018675670424,0.988,97.9475846949095
0.01,50,SqExp,Prey,Yes,Default,1,2.54300709962171,2.04800452805084,-6.69717882910703e-05,2.3523099787294,-2.77377830794334e-06,1.41344915744636,0.998066837844715,0.904,132.580769290025
0.01,50,SqExp,Predator,Yes,Default,1,2.8542880322228,2.47959343752433,-0.000401333088079658,2.46776122353113,-0.000111426515640123,1.65581055468157,0.998400530421904,1,197.822873617045
0.01,50,Matern 1/2,Prey,Yes,Default,1,0.141125097819352,0.0749493415799069,0.996920058617182,0.40075127313135,-1.95156147937636,0.156507774892811,0.00307378150005233,1,130.397263056282
0.01,50,Matern 1/2,Predator,Yes,Default,1,0.102723462573605,0.0616054405454184,0.998704259692882,0.278576071121372,-2.1892965789254,0.136110754423847,0.00129314882650381,1,170.163374292695
0.01,50,Matern 3/2,Prey,Yes,Default,1,0.0357074894447212,0.0261451988249433,0.999802824671894,-1.10387432374304,-3.45618707625075,0.0366663558879095,0.000196780977449645,1,129.177343996777
0.01,50,Matern 3/2,Predator,Yes,Default,1,0.0294704492424934,0.0231736690114355,0.999893352131215,-1.40100837997227,-3.86888103001903,0.0268292812941112,0.000106434573047541,1,162.441559103141
0.01,50,Matern 5/2,Prey,Yes,Default,1,0.0316347174819561,0.024176853652967,0.999845238881515,-1.64746477840467,-3.99977753091238,0.0222825054465942,0.000154451596247741,1,129.559582779578
0.01,50,Matern 5/2,Predator,Yes,Default,1,0.0278704087483393,0.0223329335697539,0.999904618237126,-1.86634757486122,-4.33422022490799,0.0181970488938859,9.51909993480465e-05,1,174.092300280457
0.01,50,RatQuad,Prey,Yes,Default,1,0.0335180472779373,0.0259320490861542,0.999826263384222,-1.50982717432478,-3.86213992683249,0.0241934172849628,0.000173389142546769,1,133.037104798311
0.01,50,RatQuad,Predator,Yes,Default,1,0.0305993791683315,0.0242260517899454,0.999885024872733,-1.51240568939487,-3.98027833944163,0.0235555620913255,0.000114745177012702,1,196.388424510178
0.01,50,Periodic,Prey,Yes,Default,1,2.543007269929,2.04800469235176,-6.7105738922324e-05,2.352310052393,-2.70011470943565e-06,1.41344924095566,0.998066971527445,0.904,132.580880214879
0.01,50,Periodic,Predator,Yes,Default,1,2.85428803343816,2.47959343891397,-0.000401333940025062,2.46776122348176,-0.000111426565007677,1.65581059502277,0.998400531272145,1,197.823595340144
0.05,5,SqExp,Prey,Yes,Default,1,2.55136977627534,2.13745449851439,-0.00665522548734998,2.39176940113813,-0.0449592185205889,1.45558329479669,1.00464191503638,0.988,14.0342975077027
0.05,5,SqExp,Predator,Yes,Default,1,3.68049744779941,3.01620668413881,-0.66338090056667,70.6371256408345,68.1258901314462,2.84537299933462,1.66005413876554,0.138,18.4742342090965
0.05,5,Matern 1/2,Prey,Yes,Default,1,2.55135996468613,2.13744715224,-0.00664748308273788,2.39176674695669,-0.0449618727020347,1.45557852075589,1.00463418811657,0.988,14.0342981952798
0.05,5,Matern 1/2,Predator,Yes,Default,1,2.78245536052936,2.21553098047063,0.0493184187899995,2.45080464843736,-0.0604308609508933,1.57717105814121,0.94878021804758,0.85,19.4785244423002
0.05,5,Matern 3/2,Prey,Yes,Default,1,2.55136931944958,2.13745411544091,-0.00665486500177881,2.39176925257157,-0.0449593670871539,1.4555830634044,1.00464155527178,0.988,14.0342977254496
0.05,5,Matern 3/2,Predator,Yes,Default,1,3.35975172657955,2.73197282909736,-0.38609513829169,6.67422358125761,4.16298807186935,2.26215724034264,1.38332294801511,0.294,19.1103679432928
0.05,5,Matern 5/2,Prey,Yes,Default,1,2.55136944146014,2.13745417641378,-0.00665496128146881,2.39176929385659,-0.0449593258021297,1.45558311533112,1.00464165135891,0.988,14.0342976553611
0.05,5,Matern 5/2,Predator,Yes,Default,1,3.52222838363688,2.87389440636224,-0.523399096312259,14.7166971301925,12.2054616208042,2.52832007154566,1.52035229811963,0.222,18.7755463550968
0.05,5,RatQuad,Prey,Yes,Default,1,2.55137164550748,2.13745603567541,-0.00665670051696976,2.39176998604144,-0.0449586336172783,1.45558430046158,1.00464338711594,0.988,14.0342967859906
0.05,5,RatQuad,Predator,Yes,Default,1,2.94485733932442,2.41102761383543,-0.0648959859479137,2.55421878008769,0.0429832706994387,1.69338446764049,1.06276619397602,0.844,19.480655344344
0.05,5,Periodic,Prey,Yes,Default,1,2.55137184288188,2.13745610254182,-0.00665685626712631,2.3917698641167,-0.0449587555420226,1.45558429029149,1.00464354255459,0.988,14.0342980769429
0.05,5,Periodic,Predator,Yes,Default,1,2.94503897829875,2.41119444174244,-0.0650273556936405,2.55431413096701,0.0430786215787543,1.69351129937151,1.06289730098225,0.844,19.4806545736133
0.05,10,SqExp,Prey,Yes,Default,1,2.56035606005287,1.95045994924048,-0.013758876559385,2.64095947785949,0.0706484622273596,1.41442819156089,1.01173135880627,0.832,24.4914421644661
0.05,10,SqExp,Predator,Yes,Default,1,2.85955108443143,2.52295334411303,-0.00409403587954627,2.48474382377884,-0.0139969112151363,1.66420992088047,1.00208584780779,1,38.6069035327248
0.05,10,Matern 1/2,Prey,Yes,Default,1,2.56035590163337,1.95045980579298,-0.0137587511087349,2.64095947790649,0.0706484622743524,1.41442809609561,1.01173123360652,0.832,24.4914442496962
0.05,10,Matern 1/2,Predator,Yes,Default,1,2.85955069962399,2.52295302105516,-0.00409376563934538,2.48474370102106,-0.0139970339729116,1.66420970161903,1.00208557810807,1,38.6069077500001
0.05,10,Matern 3/2,Prey,Yes,Default,1,2.5603560060318,1.95045989433215,-0.0137588337806955,2.64095941656765,0.0706484009355108,1.41442815119945,1.01173131611313,0.832,24.4914429927397
0.05,10,Matern 3/2,Predator,Yes,Default,1,2.85955103118086,2.52295330366488,-0.0040939984830628,2.48474381440808,-0.0139969205858904,1.66420989258084,1.0020858104861,1,38.6069050300886
0.05,10,Matern 5/2,Prey,Yes,Default,1,2.56035607924042,1.95045997019671,-0.0137588917537934,2.6409604263828,0.0706494107506657,1.41442829085716,1.01173137397029,0.832,24.4914499593025
0.05,10,Matern 5/2,Predator,Yes,Default,1,2.85955107365424,2.52295333721269,-0.00409402831100603,2.48474381917265,-0.0139969158213217,1.6642099152085,1.00208584025438,1,38.6069053873934
0.05,10,RatQuad,Prey,Yes,Default,1,2.56035605769203,1.95045994690744,-0.0137588746898649,2.64095949523038,0.0706484795982477,1.41442819166261,1.01173135694049,0.832,24.491440716223
0.05,10,RatQuad,Predator,Yes,Default,1,2.85955108289707,2.52295334356478,-0.00409403480200421,2.48474382239115,-0.0139969126028266,1.66420992006353,1.0020858467324,1,38.6068996837384
0.05,10,Periodic,Prey,Yes,Default,1,2.56035608174194,1.95045997288775,-0.0137588937347202,2.64095993550902,0.0706489198768859,1.4144282479021,1.01173137594725,0.832,24.4914463477879
0.05,10,Periodic,Predator,Yes,Default,1,2.85955108998802,2.52295334941059,-0.00409403978179768,2.48474385822518,-0.0139968767687984,1.66420992732382,1.00208585170223,1,38.6069019936904
0.05,25,SqExp,Prey,Yes,Default,1,2.54304132040219,2.06528484543903,-9.38874053020289e-05,2.35324500465249,-0.00161600426503341,1.41909370795847,0.998093699630492,0.912,66.9918063805983
0.05,25,SqExp,Predator,Yes,Default,1,2.85848491076505,2.463122857672,-0.00334542953210315,2.46938779650087,9.52610354709043e-05,1.65386398044903,1.00133873867304,0.968,97.8422426793052
0.05,25,Matern 1/2,Prey,Yes,Default,1,0.441667630632609,0.347810945948512,0.969833489094782,1.2856126393346,-1.06924836958293,0.386334026063743,0.0301061778834072,0.996,67.0600299632336
0.05,25,Matern 1/2,Predator,Yes,Default,1,0.450652342416639,0.306112532559296,0.975061981989478,1.08161765941105,-1.38767487605436,0.32879672200362,0.0248881419745005,0.996,97.5951073738826
0.05,25,Matern 3/2,Prey,Yes,Default,1,2.54303800641365,2.06528184663962,-9.12808432382839e-05,2.35324378316662,-0.00161722575090726,1.41909180034984,0.998091098281552,0.912,66.9918253843402
0.05,25,Matern 3/2,Predator,Yes,Default,1,0.268900254720688,0.192005372551878,0.991121060517987,0.431533015471516,-2.03775951999389,0.159311328844214,0.00886118160304938,0.94,92.8307339444308
0.05,25,Matern 5/2,Prey,Yes,Default,1,2.54304114082486,2.06528467370726,-9.37461616821178e-05,2.35324493022557,-0.00161607869196315,1.41909359385515,0.998093558669359,0.912,66.9918244596981
0.05,25,Matern 5/2,Predator,Yes,Default,1,2.85848453506812,2.46312251628574,-0.00334516578834387,2.46938765838275,9.51229173456842e-05,1.65386373576858,1.00133847545677,0.968,97.8423725766847
0.05,25,RatQuad,Prey,Yes,Default,1,2.54304127858491,2.06528480520725,-9.38545146049741e-05,2.35324498848067,-0.00161602043685803,1.41909368229306,0.998093666805576,0.912,66.9918065288431
0.05,25,RatQuad,Predator,Yes,Default,1,2.85848490494172,2.46312285302391,-0.0033454254440537,2.4693877957397,9.52602743002702e-05,1.65386398146939,1.00133873459317,0.968,97.842304185674
0.05,25,Periodic,Prey,Yes,Default,1,2.54304135201989,2.06528487595223,-9.39122736884901e-05,2.3532449995948,-0.00161600932273277,1.41909371259486,0.998093724449141,0.912,66.991830286175
0.05,25,Periodic,Predator,Yes,Default,1,2.85848491133422,2.46312285821921,-0.00334542993166576,2.46938781202414,9.52765587367845e-05,1.65386403194826,1.0013387390718,0.968,97.8424290920742
0.05,50,SqExp,Prey,Yes,Default,1,2.54320187409729,2.04166630653334,-0.000220172288290854,2.35241060694832,-0.000239647067308007,1.41247258257155,0.998219731943714,0.908,132.565416720877
0.05,50,SqExp,Predator,Yes,Default,1,2.85456307556887,2.47761102327898,-0.000594142632220462,2.46786260829507,-0.000147242423756031,1.65521539712076,0.998592954346956,1,197.263982086921
0.05,50,Matern 1/2,Prey,Yes,Default,1,0.154462696541951,0.112286277339236,0.996310384043739,0.460613963186563,-1.89203629082906,0.164082329254362,0.00368223672434871,0.998,130.52887254296
0.05,50,Matern 1/2,Predator,Yes,Default,1,0.147446587471642,0.117756022412375,0.997330388159353,0.370457901356884,-2.09755194936194,0.148333359174205,0.00266427261696612,0.992,171.982948158778
0.05,50,Matern 3/2,Prey,Yes,Default,1,0.119130192483247,0.0974393609288316,0.997805287555558,-0.245287314032149,-2.59793756804777,0.0725297785472243,0.00219032301955334,0.896,129.413276538117
0.05,50,Matern 3/2,Predator,Yes,Default,1,0.127479498479525,0.104174639735387,0.998004464945866,-0.0449569783977667,-2.51296682911659,0.0762073654199959,0.00199154398402617,0.85,170.229997207592
0.05,50,Matern 5/2,Prey,Yes,Default,1,0.120824117060638,0.0996567807536852,0.997742430133908,0.169069546868375,-2.18358070714725,0.073842229159499,0.00225305472636011,0.73,129.853952074842
0.05,50,Matern 5/2,Predator,Yes,Default,1,0.115887443533478,0.0936658023400545,0.998350883133098,-0.618807446497122,-3.08681729721594,0.0686296982629138,0.0016458186331679,1,183.997616198019
0.05,50,RatQuad,Prey,Yes,Default,1,0.117536809334496,0.0962037409289282,0.997863604111576,-0.695856126513991,-3.04850638052962,0.067509787870863,0.00213212309664746,0.99,132.897572558846
0.05,50,RatQuad,Predator,Yes,Default,1,0.114622905280178,0.0914565364800582,0.998386676377693,-0.420520558195038,-2.88853040891386,0.0756566820487157,0.00161009697506255,1,196.880624112932
0.05,50,Periodic,Prey,Yes,Default,1,2.54320209670695,2.04166653434144,-0.00022034738935317,2.35241068675739,-0.000239567258232004,1.41247269632728,0.998219906694574,0.908,132.565512962245
0.05,50,Periodic,Predator,Yes,Default,1,2.85456307687712,2.4776110247805,-0.000594143549372372,2.46786260752034,-0.000147243198478591,1.65521541967882,0.998592955262274,1,197.264725342045
0.1,5,SqExp,Prey,Yes,Default,1,2.55276057499784,2.14422933039221,-0.00775301727940936,2.39282660233514,-0.04516260860973,1.45763011958158,1.00573751124485,0.992,14.0580618329697
0.1,5,SqExp,Predator,Yes,Default,1,3.73056598497339,3.05201682383546,-0.708945137569817,54.5637737105377,52.057297845079,2.85366937381761,1.70552724729468,0.142,18.400140634779
0.1,5,Matern 1/2,Prey,Yes,Default,1,2.55275115479224,2.14422226530587,-0.00774557966603173,2.39282406566779,-0.0451651452770831,1.45762553156879,1.0057300885067,0.992,14.0580624753609
0.1,5,Matern 1/2,Predator,Yes,Default,1,2.77363437644756,2.2101074295837,0.0553365958161509,2.43562003444666,-0.0708558310120081,1.56399424500675,0.942774077375481,0.866,19.2419732110536
0.1,5,Matern 3/2,Prey,Yes,Default,1,2.55275940434172,2.14422834490599,-0.00775209300004076,2.39282628515312,-0.0451629257917585,1.45762953569466,1.00573658881404,0.992,14.0580619273504
0.1,5,Matern 3/2,Predator,Yes,Default,1,3.35789708681657,2.72021574015282,-0.384565264758776,6.06803755851623,3.56156169305756,2.22161212892464,1.38179613422926,0.334,18.9764333268542
0.1,5,Matern 5/2,Prey,Yes,Default,1,2.55276016585091,2.14422892351855,-0.00775269424165481,2.39282648054204,-0.0451627304028314,1.4576299024131,1.00573718885317,0.992,14.0580619476301
0.1,5,Matern 5/2,Predator,Yes,Default,1,3.5412713190905,2.88203190822424,-0.539916146759791,12.5089963461289,10.0025204806702,2.50115975124697,1.53683631446627,0.238,18.7069867176173
0.1,5,RatQuad,Prey,Yes,Default,1,2.55276209450076,2.14423055855578,-0.00775421698777468,2.39282709525957,-0.0451621156853047,1.45763094639565,1.0057387085538,0.992,14.0580611021468
0.1,5,RatQuad,Predator,Yes,Default,1,2.94467142827975,2.41107464585401,-0.0647615348331609,2.54271227657975,0.0362364111210843,1.68980071664208,1.06263201176349,0.85,19.2431257333457
0.1,5,Periodic,Prey,Yes,Default,1,2.55276225267671,2.14423056423986,-0.00775434187406154,2.39282696772287,-0.0451622432220016,1.45763091864344,1.00573883319031,0.992,14.0580623635797
0.1,5,Periodic,Predator,Yes,Default,1,2.94483785546213,2.4112270165573,-0.0648818947946128,2.54279579064698,0.0363199251883106,1.68991491515872,1.06275213100502,0.85,19.243123708867
0.1,10,SqExp,Prey,Yes,Default,1,2.55925578188835,1.9535821980402,-0.0128877656183879,2.6170063011705,0.0666469541201164,1.41331736838755,1.01086199008715,0.834,24.5403737864733
0.1,10,SqExp,Predator,Yes,Default,1,2.8569930232435,2.51396333951833,-0.00229837981814351,2.48488681574714,-0.0143447572948901,1.66138171745313,1.00029378305851,1,38.3307863709978
0.1,10,Matern 1/2,Prey,Yes,Default,1,2.5592556205212,1.95358205240001,-0.0128876378884328,2.61700628266029,0.0666469356099118,1.41331726986416,1.01086186261266,0.834,24.5403757042639
0.1,10,Matern 1/2,Predator,Yes,Default,1,2.85699263870857,2.51396301770463,-0.00229811001089963,2.48488669496096,-0.0143448780810649,1.66138149928766,1.00029351379088,1,38.3307901865968
0.1,10,Matern 3/2,Prey,Yes,Default,1,2.55925571907515,1.95358213295975,-0.0128877158986846,2.61700621494303,0.0666468678926475,1.41331731945941,1.01086194046689,0.834,24.5403744260185
0.1,10,Matern 3/2,Predator,Yes,Default,1,2.85699297009314,2.51396329805074,-0.00229834252542171,2.48488680768339,-0.0143447653586382,1.66138168984067,1.00029374584037,1,38.3307875947267
0.1,10,Matern 5/2,Prey,Yes,Default,1,2.55925580755607,1.95358222600103,-0.0128877859356338,2.61700724434944,0.0666478972990596,1.41331747391405,1.01086201036376,0.834,24.5403817237592
0.1,10,Matern 5/2,Predator,Yes,Default,1,2.85699301204597,2.51396333164366,-0.00229837196144489,2.48488681217954,-0.0143447608624897,1.66138171172569,1.00029377521752,1,38.3307879188049
0.1,10,RatQuad,Prey,Yes,Default,1,2.55925577887658,1.95358219494961,-0.0128877632344255,2.61700631077467,0.0666469637242875,1.41331736734347,1.01086198770796,0.834,24.5403723683747
0.1,10,RatQuad,Predator,Yes,Default,1,2.85699302167899,2.51396333885708,-0.00229837872041161,2.48488681472043,-0.0143447583215958,1.66138171664676,1.00029378196297,1,38.3307825143932
0.1,10,Periodic,Prey,Yes,Default,1,2.55925580770354,1.95358222616069,-0.012887786052368,2.61700672099353,0.0666473739431477,1.41331742507041,1.01086201048026,0.834,24.5403777223103
0.1,10,Periodic,Predator,Yes,Default,1,2.85699302902976,2.51396334537962,-0.00229838387804726,2.48488682257443,-0.0143447504676015,1.66138172132186,1.00029378711029,1,38.3307877727239
0.1,25,SqExp,Prey,Yes,Default,1,2.5438736302572,2.082497016358,-0.000748634308175955,2.35385352863384,-0.00177960713249347,1.42368498838864,0.99874713703956,0.918,67.3701966397568
0.1,25,SqExp,Predator,Yes,Default,1,2.86102653028823,2.45764160491727,-0.00513047030120339,2.47053706288305,0.000418031926568064,1.65390853940687,1.0031202093606,0.954,97.5762291902655
0.1,25,Matern 1/2,Prey,Yes,Default,1,0.486224097112588,0.392760607483255,0.963439940296181,1.38935823279754,-0.966274902968797,0.404065145141737,0.0364869395844117,0.994,67.4355777041234
0.1,25,Matern 1/2,Predator,Yes,Default,1,0.529734798117698,0.386901428650642,0.96554155511743,1.22071773266264,-1.24940129829385,0.35756897550073,0.0343895279928051,0.996,97.2257191112916
0.1,25,Matern 3/2,Prey,Yes,Default,1,2.54387100333656,2.08249464968769,-0.000746567471322068,2.3538525698186,-0.00178056594773497,1.42368347499734,0.998745074336379,0.918,67.3702154140945
0.1,25,Matern 3/2,Predator,Yes,Default,1,0.388132007328298,0.30180177807801,0.981501454363528,1.79971428170661,-0.670404749249871,0.227694166283438,0.0184615485451989,0.868,93.0747528582971
0.1,25,Matern 5/2,Prey,Yes,Default,1,2.54387347230026,2.08249686381445,-0.000748510029057181,2.35385346170853,-0.00177967405780583,1.42368488760308,0.998747013008999,0.918,67.3702144402636
0.1,25,Matern 5/2,Predator,Yes,Default,1,2.86102620559001,2.45764131468357,-0.0051302421564785,2.4705369389552,0.000417907998718992,1.65390832553355,1.00311998167217,0.954,97.5763633992344
0.1,25,RatQuad,Prey,Yes,Default,1,2.54387359455946,2.0824969817775,-0.000748606221508519,2.35385351471578,-0.00177962105055776,1.42368496639308,0.998747109009065,0.918,67.3701962880969
0.1,25,RatQuad,Predator,Yes,Default,1,2.86102652527238,2.45764160128687,-0.00513046677688145,2.47053706327344,0.00041803231695798,1.65390854110769,1.00312020584333,0.954,97.576295221375
0.1,25,Periodic,Prey,Yes,Default,1,2.5438736618893,2.08249704699438,-0.000748659196035506,2.35385352214646,-0.00177961361987524,1.42368499491299,0.998747161877644,0.918,67.3702201856677
0.1,25,Periodic,Predator,Yes,Default,1,2.86102653038352,2.45764160496129,-0.00513047036815673,2.47053707575551,0.000418044799018388,1.65390856644871,1.00312020942742,0.954,97.5763994052565
0.1,50,SqExp,Prey,Yes,Default,1,2.54360351704906,2.033800162096,-0.000536122908518788,2.35305422431005,-0.00055648247078187,1.41167412386183,0.998535050662702,0.91,132.612569336601
0.1,50,SqExp,Predator,Yes,Default,1,2.85498245865931,2.47513300567488,-0.000888172281036548,2.468047971515,-0.000233032943114796,1.65436065948266,0.998886395936474,1,196.370373029271
0.1,50,Matern 1/2,Prey,Yes,Default,1,0.218723266885283,0.1787433924201,0.99260183680488,0.621435864893689,-1.73217484188714,0.187248181146601,0.00738336686872946,0.988,130.860200448349
0.1,50,Matern 1/2,Predator,Yes,Default,1,0.240571751481874,0.196286970749721,0.992893300880844,0.638405089011729,-1.82987591544638,0.180970895540758,0.00709248572091751,0.978,175.37434839503
0.1,50,Matern 3/2,Prey,Yes,Default,1,0.233771409264938,0.19246840638549,0.991548832116712,2.05438918588822,-0.299221520892613,0.143592769946274,0.00843426554752131,0.746,130.00316787122
0.1,50,Matern 3/2,Predator,Yes,Default,1,0.239526713886119,0.194444660646281,0.992954909418589,0.0147647419917391,-2.45351626246637,0.137238566470534,0.00703100040024859,0.938,181.019055721391
0.1,50,Matern 5/2,Prey,Yes,Default,1,0.238842723068156,0.197893559078628,0.991178184571738,4.50860895405944,2.15499824727861,0.159331873410086,0.00880417179740503,0.496,130.746758584934
0.1,50,Matern 5/2,Predator,Yes,Default,1,0.20870158934345,0.166770756330346,0.994651522397766,0.0831406268051094,-2.38514037765301,0.130398325994209,0.00533778064702905,1,185.536813528809
0.1,50,RatQuad,Prey,Yes,Default,1,0.220035300767124,0.180156926044649,0.992512813318238,-0.0937587683702248,-2.44736947515105,0.125999541541361,0.00747221230839886,0.972,132.85556672563
0.1,50,RatQuad,Predator,Yes,Default,1,0.223371162912155,0.17931939637077,0.993873211632525,0.227178957211081,-2.24110204724703,0.145674354656342,0.00611453479074034,1,194.669397055579
0.1,50,Periodic,Prey,Yes,Default,1,2.54360381974663,2.0338004718697,-0.000536361043017131,2.3530543252812,-0.000556381499629819,1.41167428854997,0.998535288320931,0.91,132.612647231837
0.1,50,Periodic,Predator,Yes,Default,1,2.85498245990412,2.47513300711367,-0.000888173153835936,2.46804796823116,-0.000233036226956356,1.65436068158071,0.998886396807528,1,196.371272553615
0.2,5,SqExp,Prey,Yes,Default,1,2.55585685589097,2.1577942582969,-0.0101991367969607,2.39603200386533,-0.0459371351034718,1.46235561402314,1.00817873852337,0.998,14.1127682311811
0.2,5,SqExp,Predator,Yes,Default,1,3.82643565519948,3.12142029735958,-0.797908137344692,36.0242767375802,33.5241166589551,2.86521831726792,1.79431232107,0.164,18.193630454922
0.2,5,Matern 1/2,Prey,Yes,Default,1,2.55584336646526,2.15778413195938,-0.010188473468757,2.39602842625001,-0.0459407127187839,1.462349065021,1.00816809652182,0.998,14.1127690724664
0.2,5,Matern 1/2,Predator,Yes,Default,1,2.75463753406498,2.20129116543607,0.0682324312950114,2.4772719664661,-0.0228881121590273,1.5414172952074,0.929904033567579,0.876,18.7786647447635
0.2,5,Matern 3/2,Prey,Yes,Default,1,2.55585644024385,2.15779380879629,-0.0101988082290052,2.39603185102973,-0.0459372879390648,1.46235537648266,1.00817841061255,0.998,14.1127685728293
0.2,5,Matern 3/2,Predator,Yes,Default,1,3.33808036740274,2.69635956285596,-0.368271388584075,5.6015187635754,3.10135868495028,2.13612903154636,1.36553484580691,0.414,18.6499049618778
0.2,5,Matern 5/2,Prey,Yes,Default,1,2.55585685179752,2.15779412561752,-0.0101991335610949,2.39603196227004,-0.0459371766987531,1.46235557641725,1.00817873529397,0.998,14.1127685316763
0.2,5,Matern 5/2,Predator,Yes,Default,1,3.56518485336861,2.89203762439683,-0.560783891593306,10.1441469430941,7.64398686446895,2.43808273644787,1.55766232381012,0.292,18.4822874650116
0.2,5,RatQuad,Prey,Yes,Default,1,2.55585836845685,2.15779542518864,-0.0102003324767568,2.39603245891565,-0.0459366800531459,1.46235640787515,1.0081799318118,0.998,14.1127677355027
0.2,5,RatQuad,Predator,Yes,Default,1,2.94438000479592,2.41123980917933,-0.0645507940635881,2.52280966150751,0.0226495828823914,1.68311126551625,1.06242169247546,0.866,18.7788692453858
0.2,5,Periodic,Prey,Yes,Default,1,2.55585847275502,2.15779539161841,-0.0102004149242378,2.39603233045574,-0.0459368085130606,1.46235635901486,1.00818001409439,0.998,14.1127688880168
0.2,5,Periodic,Predator,Yes,Default,1,2.94443624428941,2.41129216618702,-0.0645914616194927,2.52283529889106,0.0226752202659361,1.68314910953603,1.06246227869625,0.866,18.7788690853751
0.2,10,SqExp,Prey,Yes,Default,1,2.55716185067881,1.95994618706098,-0.0112309951826817,2.55656022621237,0.056020922152384,1.40962714285011,1.00920853319232,0.838,24.6436847535778
0.2,10,SqExp,Predator,Yes,Default,1,2.85407410139006,2.4970204939296,-0.000251377184893098,2.48685230624934,-0.0152772355720806,1.657162038133,0.998250874430523,1,37.7419674163457
0.2,10,Matern 1/2,Prey,Yes,Default,1,2.55716166609657,1.95994601877637,-0.0112308491964026,2.5565601166586,0.0560208125986225,1.40962702292465,1.00920838749801,0.838,24.6436858025817
0.2,10,Matern 1/2,Predator,Yes,Default,1,2.85407370915991,2.49702016912939,-0.000251102259499536,2.48685218747874,-0.015277354342687,1.65716181806486,0.99825060005498,1,37.7419704503816
0.2,10,Matern 3/2,Prey,Yes,Default,1,2.55716176691666,1.95994609701996,-0.0112309289351151,2.55656007368869,0.0560207696287139,1.40962707310909,1.00920846707724,0.838,24.6436846822222
0.2,10,Matern 3/2,Predator,Yes,Default,1,2.8540740476821,2.49702045456055,-0.000251339539434348,2.48685230119527,-0.0152772406261528,1.65716201188581,0.998250836860355,1,37.7419680647558
0.2,10,Matern 5/2,Prey,Yes,Default,1,2.5571618112678,1.95994614382005,-0.0112309640124768,2.55656015601494,0.0560208519549591,1.40962710978094,1.00920850208445,0.838,24.6436849375167
0.2,10,Matern 5/2,Predator,Yes,Default,1,2.85407408931978,2.49702048619341,-0.000251368724484058,2.48685230480101,-0.0152772370204186,1.65716203251607,0.998250865987035,1,37.7419683733198
0.2,10,RatQuad,Prey,Yes,Default,1,2.55716184731561,1.95994618336002,-0.0112309925227294,2.55656021080472,0.0560209067447383,1.40962713909374,1.00920853053768,0.838,24.6436833473087
0.2,10,RatQuad,Predator,Yes,Default,1,2.85407409983159,2.4970204935256,-0.000251376092518685,2.48685230606544,-0.0152772357559818,1.6571620374719,0.998250873340334,1,37.7419635899824
0.2,10,Periodic,Prey,Yes,Default,1,2.55716188935829,1.95994622938505,-0.0112310257743242,2.55656061451151,0.05602131045153,1.40962720701146,1.00920856372278,0.838,24.6436883994221
0.2,10,Periodic,Predator,Yes,Default,1,2.85407410782699,2.49702050038598,-0.00025138169672001,2.48685225059117,-0.0152772912302576,1.65716202982521,0.998250878933326,1,37.7419742656087
0.2,25,SqExp,Prey,Yes,Default,1,2.5479160115358,2.11801247153994,-0.00393167115725701,2.35663251885587,-0.00231403408364441,1.43429668717599,1.00192380781494,0.924,68.19065767575
0.2,25,SqExp,Predator,Yes,Default,1,2.8677229742436,2.44748384021727,-0.00984114093499899,2.47319777851704,0.000697639089052191,1.65402661144296,1.00782145865313,0.94,96.5871428168098
0.2,25,Matern 1/2,Prey,Yes,Default,1,0.627327435545494,0.505851697897342,0.939141323708497,1.76532255070991,-0.593624002229603,0.461048072334968,0.06073695893892,0.992,68.2481808454738
0.2,25,Matern 1/2,Predator,Yes,Default,1,0.740709908051736,0.58295631540421,0.932628692390733,1.76634234909665,-0.706157790331329,0.452255862330625,0.0672365649940485,0.97,96.0997210177547
0.2,25,Matern 3/2,Prey,Yes,Default,1,2.54791259674325,2.11800942526732,-0.0039289801611031,2.35663133826822,-0.00231521467129495,1.4342947336328,1.00192112220078,0.924,68.1906705019116
0.2,25,Matern 3/2,Predator,Yes,Default,1,0.667357708727117,0.536051240708686,0.945311497504732,6.27996456906383,3.80746442963585,0.405155414355451,0.0545791254902779,0.748,93.6122937680707
0.2,25,Matern 5/2,Prey,Yes,Default,1,2.54791588981831,2.11801235365341,-0.00393157523884269,2.35663246461192,-0.00231408832759389,1.43429660916335,1.00192371208837,0.924,68.1906742458612
0.2,25,Matern 5/2,Predator,Yes,Default,1,2.86772296339584,2.4474838306837,-0.00984113329512626,2.47319780947256,0.000697670044579081,1.65402665787227,1.00782145102854,0.94,96.5873418436184
0.2,25,RatQuad,Prey,Yes,Default,1,2.54791598713192,2.11801244792453,-0.00393165192599265,2.35663250903441,-0.00231404390509927,1.43429667200134,1.00192378862214,0.924,68.1906564033696
0.2,25,RatQuad,Predator,Yes,Default,1,2.86772297078138,2.44748383907017,-0.00984113849662083,2.4731977801469,0.00069764071891337,1.65402661373838,1.00782145621963,0.94,96.5872153668766
0.2,25,Periodic,Prey,Yes,Default,1,2.54791604390723,2.11801250247721,-0.0039316966672851,2.35663249967898,-0.00231405326053335,1.43429669260326,1.00192383327395,0.924,68.1906812250123
0.2,25,Periodic,Predator,Yes,Default,1,2.86772297349344,2.44748383928579,-0.00984114040667095,2.4731977922465,0.000697652818511685,1.65402663231679,1.00782145812586,0.94,96.587315181399
0.2,50,SqExp,Prey,Yes,Default,1,2.5449332921715,2.01841339152969,-0.00158254057586649,2.35652892211095,-0.00123641298575594,1.41171808896101,0.999579375494715,0.914,132.933712111297
0.2,50,SqExp,Predator,Yes,Default,1,2.85607300495178,2.47028494878284,-0.00165295691261602,2.46886130851052,-0.000530986923086863,1.65245996166954,0.999649650998791,1,194.021226671583
0.2,50,Matern 1/2,Prey,Yes,Default,1,0.398630300651183,0.326942680722838,0.975426073580678,1.1507303149189,-1.2070350201778,0.264028581677652,0.0245247785664833,0.954,131.86632845612
0.2,50,Matern 1/2,Predator,Yes,Default,1,0.451430602367605,0.365445483218355,0.97497577354221,1.53359140230534,-0.93580089312827,0.279990230436831,0.0249741780048741,0.946,183.082992433309
0.2,50,Matern 3/2,Prey,Yes,Default,1,0.464876258618173,0.384270191935369,0.96657982854774,8.16234771303528,5.80458237793858,0.302590258807638,0.033353331109355,0.59,131.580488766675
0.2,50,Matern 3/2,Predator,Yes,Default,1,0.393353402191492,0.318046544374483,0.981000398578983,0.659065880921672,-1.81032641451193,0.238634575764742,0.0189616022181745,1,184.799107872487
0.2,50,Matern 5/2,Prey,Yes,Default,1,0.466944629763502,0.387417959101171,0.966281774618544,2.14811705162271,-0.209648283473996,0.301686289578943,0.0336507889306928,0.56,132.603905808762
0.2,50,Matern 5/2,Predator,Yes,Default,1,0.368262039040426,0.293819126719035,0.983346996411736,0.714214468779358,-1.75517782665425,0.238256392929816,0.0166196975810879,1,186.350040915468
0.2,50,RatQuad,Prey,Yes,Default,1,0.389167870732605,0.316451752729345,0.97657886725206,0.541531847388328,-1.81623348770838,0.226721391015942,0.0233742904824442,1,133.072586921979
0.2,50,RatQuad,Predator,Yes,Default,1,0.372799876576833,0.293711316578802,0.982934061020217,0.77292313649893,-1.69646915893467,0.247761630701468,0.0170318071018236,1,192.34276085643
0.2,50,Periodic,Prey,Yes,Default,1,2.54493420657351,2.01841432915875,-0.0015832603190975,2.35652922483991,-0.001236110256796,1.4117186093797,0.999580093798459,0.914,132.933803384726
0.2,50,Periodic,Predator,Yes,Default,1,2.85607300603449,2.47028495005748,-0.00165295767204943,2.46886129353381,-0.000531001899798824,1.65245998324034,0.999649651756705,1,194.022420396021
0,5,SqExp,Prey,No,Default,1,2.55515029974115,1.96660164867206,-0.00964068317882583,2.59587813379636,0.120291649031109,1.41585283444139,1.00762140181247,0.836,12.3866721373325
0,5,SqExp,Predator,No,Default,1,2.91779329648582,2.41733161752002,-0.0454125586383309,2.49021465697373,-0.0157478667954104,1.66319474904923,1.04332173352105,0.944,17.9434181209592
0,5,Matern 1/2,Prey,No,Default,1,2.55515013959939,1.96660147709926,-0.00964055662217711,2.59587814817422,0.120291663408968,1.41585272464344,1.00762127550893,0.836,12.3866727922504
0,5,Matern 1/2,Predator,No,Default,1,2.91776072841265,2.41730371415186,-0.0453892212191049,2.49020395771525,-0.015758566053884,1.66317593565388,1.04329844277667,0.944,17.9434190343197
0,5,Matern 3/2,Prey,No,Default,1,2.55514999833495,1.96660137280506,-0.00964044498388339,2.59587748734966,0.120291002584409,1.41585258032502,1.00762116409392,0.836,12.3866706078988
0,5,Matern 3/2,Predator,No,Default,1,2.91778468927651,2.41732421332194,-0.0454063909146281,2.49021182724675,-0.0157506965223909,1.66318976057333,1.0433155781328,0.944,17.9434188988773
0,5,Matern 5/2,Prey,No,Default,1,2.55515025238794,1.96660160499317,-0.00964064575658852,2.5958779672436,0.120291482478353,1.4158527873978,1.00762136446508,0.836,12.3866716305177
0,5,Matern 5/2,Predator,No,Default,1,2.91779198384987,2.41733051507713,-0.0454116180331132,2.49021422671114,-0.015748297058,1.66319399406208,1.04332079479705,0.944,17.9434179085107
0,5,RatQuad,Prey,No,Default,1,2.55515029495854,1.96660164418711,-0.00964067939923452,2.59587805287004,0.120291568104789,1.41585282303101,1.00762139804044,0.836,12.3866717829323
0,5,RatQuad,Predator,No,Default,1,2.91779303833839,2.4173314035006,-0.0454123736556911,2.49021457208351,-0.0157479516856267,1.66319460057037,1.04332154890838,0.944,17.9434181497018
0,5,Periodic,Prey,No,Default,1,2.55515033291316,1.96660167934314,-0.00964070939396922,2.59587846975659,0.12029198499134,1.4158528882546,1.00762142797518,0.836,12.3866733916644
0,5,Periodic,Predator,No,Default,1,2.91779356185562,2.41733187421615,-0.0454127487963745,2.49021474110872,-0.0157477826604193,1.66319491026305,1.04332192329878,0.944,17.9434188991534
0,10,SqExp,Prey,No,Default,1,2.6234853814908,1.84811170314844,-0.0643665963227671,2.69767254276307,0.0760129331272174,1.39625058225461,1.06223786313012,0.82,22.5132919721597
0,10,SqExp,Predator,No,Default,1,2.87322120868035,2.44144504372221,-0.0137171541283176,2.47444866026408,-0.00180133693238314,1.65303973159359,1.01168971982006,0.946,37.9811655219974
0,10,Matern 1/2,Prey,No,Default,1,2.62348506662355,1.84811129398679,-0.0643663408350421,2.69767207933768,0.0760124697018233,1.39625032510947,1.06223760815337,0.82,22.5132919282538
0,10,Matern 1/2,Predator,No,Default,1,2.13789044976232,1.48854172223194,0.438758775974824,1.93286814037394,-0.543381856822514,1.08312448461216,0.560118741577126,0.932,39.8515875195979
0,10,Matern 3/2,Prey,No,Default,1,2.62348535471895,1.84811163990492,-0.0643665745997082,2.69767254379704,0.0760129341611848,1.39625055281975,1.06223784145051,0.82,22.5132926340006
0,10,Matern 3/2,Predator,No,Default,1,1.97613509997626,1.25773610995438,0.52047425036569,1.56200847065338,-0.914241526543076,0.928088824988829,0.478566698135041,0.93,39.9892173675952
0,10,Matern 5/2,Prey,No,Default,1,2.6234853870811,1.84811170485161,-0.0643666008588182,2.6976725078575,0.0760128982216426,1.39625058304663,1.0622378676571,0.82,22.5132923196206
0,10,Matern 5/2,Predator,No,Default,1,1.92944009582746,1.19940170986531,0.542868374996347,1.45873267891045,-1.01751731828601,0.890098539536696,0.456217361753646,0.93,40.0039391607759
0,10,RatQuad,Prey,No,Default,1,2.62348538558849,1.8481117070105,-0.0643665996476925,2.69767259000803,0.0760129803721781,1.39625058667038,1.0622378664484,0.82,22.5132916488737
0,10,RatQuad,Predator,No,Default,1,2.87322113105103,2.44144495570835,-0.0137170993506546,2.47444862603647,-0.00180137115998289,1.65303965301753,1.01168966515195,0.946,37.9811528963399
0,10,Periodic,Prey,No,Default,1,2.62348539662797,1.84811172194665,-0.0643666086052843,2.69767295151583,0.0760133418799792,1.39625060955989,1.06223787538807,0.82,22.5132943118465
0,10,Periodic,Predator,No,Default,1,2.87322130950867,2.44144507253244,-0.0137172252759166,2.47444870538429,-0.00180129181216432,1.6530398091219,1.01168979082536,0.946,37.9811827272089
0,25,SqExp,Prey,No,Default,1,2.55696671736564,2.16228992856296,-0.0110766699289848,2.3685529548414,-0.00428378730549751,1.4512740385482,1.00905451658913,0.946,69.5253903155542
0,25,SqExp,Predator,No,Default,1,2.85783268986092,2.46475939093206,-0.00288761483233224,2.47688947000135,0.00335448442119836,1.66271500397658,1.00088183960267,0.918,102.006976867941
0,25,Matern 1/2,Prey,No,Default,1,0.589552471967419,0.396114361228131,0.946249950496244,1.20408090034612,-1.16875584180078,0.398580462134917,0.053642549404748,1,70.6023460810853
0,25,Matern 1/2,Predator,No,Default,1,0.921582057965627,0.49164026616943,0.895709033879219,1.11978408137487,-1.35375090420529,0.44589752150828,0.10408238418854,0.976,100.319249907902
0,25,Matern 3/2,Prey,No,Default,1,0.392072096644831,0.227547085610368,0.976227995190644,0.360170729588169,-2.01266601255873,0.230275466386831,0.0237244607997371,1,69.3230490509857
0,25,Matern 3/2,Predator,No,Default,1,0.603464943395772,0.243288315883913,0.955281959932104,0.103364581068447,-2.37017040451171,0.232722986977691,0.0446286039877606,0.96,92.2873334195775
0,25,Matern 5/2,Prey,No,Default,1,2.55696587877494,2.16228908830856,-0.0110760067374358,2.36855270998236,-0.00428403216453615,1.45127354341116,1.00905385472396,0.946,69.5254134281027
0,25,Matern 5/2,Predator,No,Default,1,0.588238031375852,0.247601367738609,0.957510182304945,-0.19136197573395,-2.6648969613141,0.209867218381625,0.0424048380596651,0.96,93.8560896705149
0,25,RatQuad,Prey,No,Default,1,2.55696646430159,2.1622896730033,-0.011076469795646,2.36855290423841,-0.00428383790848859,1.45127389754383,1.00905431685605,0.946,69.5253902052968
0,25,RatQuad,Predator,No,Default,1,0.655359702711393,0.331497986072956,0.947260241609425,0.292271644952768,-2.18126334062739,0.252293621418076,0.0526342788737937,0.962,97.6216749028456
0,25,Periodic,Prey,No,Default,1,2.55696674183515,2.16228995325595,-0.0110766892804675,2.36855291393923,-0.00428382820766016,1.45127403475838,1.00905453590191,0.946,69.5254290313683
0,25,Periodic,Predator,No,Default,1,2.8578334886506,2.46476006938694,-0.0028881754644472,2.4768898381704,0.0033548525902422,1.6627155357174,1.00088239911352,0.918,102.006994763299
0,50,SqExp,Prey,No,Default,1,2.54334629533558,2.03842348956934,-0.000333774860587832,2.35242257883311,-6.45149081262635e-05,1.41138138701499,0.998333107310867,0.904,132.253715675249
0,50,SqExp,Predator,No,Default,1,2.85372069840571,2.49015050779222,-3.68218900415052e-06,2.46756220490729,-9.84759294005899e-05,1.65855094429044,0.998003674824626,1,199.814316861912
0,50,Matern 1/2,Prey,No,Default,1,0.154321099794548,0.0821336378755012,0.996317145522978,0.40027724148203,-1.95220985225921,0.1580814828963,0.00367548876806803,1,129.769414688218
0,50,Matern 1/2,Predator,No,Default,1,0.103615699610951,0.0589943704773741,0.998681652815507,0.279801722598271,-2.18785895823842,0.136609267570453,0.00131571049012366,1,169.670271700094
0,50,Matern 3/2,Prey,No,Default,1,0.0311825606838938,0.0157338034104706,0.9998496312839,-1.13371128467193,-3.48619837841316,0.0358100137128483,0.000150067978667443,1,128.938063181072
0,50,Matern 3/2,Predator,No,Default,1,0.0165329625428165,0.00801182491301784,0.999966435511573,-1.45867102470546,-3.92633170554215,0.0243126703642988,3.34973594496603e-05,1,161.697709394376
0,50,Matern 5/2,Prey,No,Default,1,0.0270029244109851,0.014309383942653,0.999887239877082,-1.70976845178363,-4.06225554552486,0.0204733336051183,0.000112534602672025,0.998,129.316989749897
0,50,Matern 5/2,Predator,No,Default,1,0.0146377245754658,0.00794242371864866,0.999973689699339,-1.98517276338977,-4.45283344422646,0.0141913557273262,2.62576800598745e-05,1,172.519417320487
0,50,RatQuad,Prey,No,Default,1,0.0361195124744173,0.0189705491719253,0.999798248069645,-1.70152883570881,-4.05401592945005,0.0209663722943587,0.000201348426494236,0.998,132.865762356932
0,50,RatQuad,Predator,No,Default,1,0.0295601860485184,0.013724570056606,0.999892701662021,-2.16179866689392,-4.62945934773061,0.0142234750390814,0.000107083741303479,1,200.182550640083
0,50,Periodic,Prey,No,Default,1,2.54334642317319,2.0384236125881,-0.000333875421235641,2.35242263044027,-6.44633009619016e-05,1.41138145035465,0.998333207670393,0.904,132.253822224493
0,50,Periodic,Predator,No,Default,1,2.8537207015421,2.49015051115815,-3.68438711961794e-06,2.46756220607797,-9.84747587219523e-05,1.65855096857742,0.998003677018345,1,199.814934547871
0.01,5,SqExp,Prey,No,Default,1,2.55513612299507,1.96665041536183,-0.00962947962662208,2.60893867800368,0.12485303322702,1.41718872720058,1.00761022066737,0.836,12.3916218751259
0.01,5,SqExp,Predator,No,Default,1,2.91562590336518,2.41800275447078,-0.0438600302648076,2.4893757849629,-0.0152811896126775,1.66250257895255,1.04177231020428,0.944,17.9878667367375
0.01,5,Matern 1/2,Prey,No,Default,1,2.5551359639444,1.96665024522773,-0.00962935393293618,2.60893869524791,0.12485305047125,1.41718861816142,1.00761009522507,0.836,12.391622539781
0.01,5,Matern 1/2,Predator,No,Default,1,2.91560701471581,2.41798665851046,-0.0438465051810755,2.48936954310373,-0.0152874314718488,1.66249167564574,1.04175881217071,0.944,17.9878678419363
0.01,5,Matern 3/2,Prey,No,Default,1,2.55513580682105,1.96665012549011,-0.00962922976236236,2.60893796323136,0.124852318454698,1.41718845658611,1.00760997130284,0.836,12.3916201682644
0.01,5,Matern 3/2,Predator,No,Default,1,2.91562226907403,2.41799966438592,-0.0438574279495336,2.48937458167392,-0.0152823929016575,1.66250047987065,1.04176971309363,0.944,17.9878676293845
0.01,5,Matern 5/2,Prey,No,Default,1,2.55513607614181,1.96665037195961,-0.00962944259968102,2.60893850686868,0.124852862092017,1.41718867993584,1.00761018371448,0.836,12.391621358555
0.01,5,Matern 5/2,Predator,No,Default,1,2.91562502419867,2.41800199557998,-0.0438594007419031,2.48937549473172,-0.0152814798438627,1.66250206632641,1.04177168194042,0.944,17.9878667015441
0.01,5,RatQuad,Prey,No,Default,1,2.5551361185849,1.96665041119841,-0.00962947614137866,2.60893859814854,0.124852953371884,1.41718871615953,1.0076102171891,0.836,12.3916215271969
0.01,5,RatQuad,Predator,No,Default,1,2.91562564984291,2.41800253606846,-0.0438598487313948,2.48937570049122,-0.0152812740843603,1.6625024309185,1.04177212903393,0.944,17.9878669553328
0.01,5,Periodic,Prey,No,Default,1,2.55513615473736,1.96665044494656,-0.00962950471174007,2.60893904764183,0.124853402865169,1.41718878347182,1.00761024570232,0.836,12.391623250689
0.01,5,Periodic,Predator,No,Default,1,2.91562612397602,2.41800296411517,-0.0438601882321561,2.48937585214108,-0.0152811224344983,1.6625027133972,1.04177246785569,0.944,17.9878684053231
0.01,10,SqExp,Prey,No,Default,1,2.55282492078253,1.97513225991959,-0.00780382147668579,2.35656124178749,-0.000597386780253347,1.3994522290371,1.00578821383373,0.894,25.8615599977044
0.01,10,SqExp,Predator,No,Default,1,2.16089741816926,1.33747773545904,0.426614151812429,1.59122557110715,-0.912338039459049,0.959373404968666,0.572239076491196,0.872,34.6365891931839
0.01,10,Matern 1/2,Prey,No,Default,1,2.01367635662276,1.2662229611253,0.372933960563257,1.87448381437017,-0.482674814197575,0.974606909236081,0.62581190735787,0.916,26.0822539813055
0.01,10,Matern 1/2,Predator,No,Default,1,2.43843949827383,1.59521734158798,0.269865890667386,1.95522498930472,-0.548338621261488,1.20234098985022,0.728673841113948,0.862,36.0816337279954
0.01,10,Matern 3/2,Prey,No,Default,1,2.03211562594382,1.232705910214,0.361397271272886,1.62613671242313,-0.731021916144621,0.945091654665418,0.63732552326966,0.88,25.9655880522804
0.01,10,Matern 3/2,Predator,No,Default,1,2.61388513837504,1.57827531792322,0.161019884762416,1.70079949601387,-0.802764114552331,1.19026455554577,0.837302155007108,0.79,33.4926490692534
0.01,10,Matern 5/2,Prey,No,Default,1,2.05020224248334,1.23858703967392,0.34997905964233,1.62538720135397,-0.731771427213778,0.954434881462772,0.648720898476954,0.844,25.9011153536253
0.01,10,Matern 5/2,Predator,No,Default,1,2.49411988813078,1.51174268720371,0.23614078968192,1.68384095359809,-0.819722656968113,1.11727820562025,0.762331491897444,0.794,33.5784605170993
0.01,10,RatQuad,Prey,No,Default,1,2.55282381294381,1.97513088252684,-0.00780294677207882,2.35656077725728,-0.000597851310465838,1.3994515287656,1.00578734087853,0.894,25.8615576012705
0.01,10,RatQuad,Predator,No,Default,1,2.22715891537189,1.38800675134334,0.390910543638447,1.79021764724444,-0.713345963321764,0.987162517003811,0.60787127744883,0.8,34.4114068981065
0.01,10,Periodic,Prey,No,Default,1,2.55282492555876,1.97513230688906,-0.00780382524779744,2.35656124598802,-0.000597382579723717,1.39945223810106,1.0057882175973,0.894,25.8615602874823
0.01,10,Periodic,Predator,No,Default,1,2.92810318531375,2.41443087823107,-0.0528134456103093,2.51847241786783,0.0149088073016241,1.67893761586348,1.05070781871909,0.868,38.1932430392462
0.01,25,SqExp,Prey,No,Default,1,2.54974808706926,2.1289191784138,-0.00537594161913479,2.36205442466631,-0.00359928275709653,1.43956509448973,1.0033651897359,0.934,68.73365104059
0.01,25,SqExp,Predator,No,Default,1,2.90669176448821,2.42105444549226,-0.0374725839240226,2.49818878317653,0.00434545909397169,1.66810777938718,1.03539763875617,0.886,95.4466924697907
0.01,25,Matern 1/2,Prey,No,Default,1,1.24656285499926,0.557243912537311,0.759695279246888,1.22441640902893,-1.14123729839448,0.516940685026171,0.239824111311606,0.958,71.0906483118828
0.01,25,Matern 1/2,Predator,No,Default,1,0.947635907576848,0.434475779409693,0.889728905365734,1.10944651384864,-1.38439681023391,0.438558835214722,0.110050552444997,0.98,92.8445040439508
0.01,25,Matern 3/2,Prey,No,Default,1,1.11545182480626,0.421854845534645,0.807586483904216,0.448424173469026,-1.91722953395438,0.37394750654035,0.192028689063592,0.954,70.9333157886698
0.01,25,Matern 3/2,Predator,No,Default,1,0.687912274596941,0.291029294729264,0.941890814760574,0.0516344529332699,-2.44220887114929,0.240050807721525,0.0579929668689472,0.98,86.2773411087892
0.01,25,Matern 5/2,Prey,No,Default,1,1.10063300281206,0.398657082710418,0.812664966878671,0.244624340830075,-2.12102936659333,0.348769915002444,0.186960363055086,0.956,71.6585554217897
0.01,25,Matern 5/2,Predator,No,Default,1,0.661909411244422,0.272171070806695,0.946200804571812,0.160384700423855,-2.3334586236587,0.225754494560746,0.0536915970373312,1,88.3098743284612
0.01,25,RatQuad,Prey,No,Default,1,1.1037663875097,0.442585599094909,0.811596802872256,0.742326698469522,-1.62332700895389,0.385435015176735,0.188026390733488,0.948,72.083630082034
0.01,25,RatQuad,Predator,No,Default,1,2.90669157846133,2.42105422213537,-0.0374724511285269,2.49818870093273,0.00434537685017256,1.66810764085427,1.03539750622627,0.886,95.4467971084798
0.01,25,Periodic,Prey,No,Default,1,2.54974806560642,2.12891916353439,-0.00537592469336268,2.36205435769244,-0.00359934973096419,1.43956505736863,1.00336517284398,0.934,68.7336802194111
0.01,25,Periodic,Predator,No,Default,1,2.90669176342362,2.42105444518185,-0.0374725831640659,2.49818890777009,0.00434558368753255,1.66810783963662,1.03539763799774,0.886,95.4468730323573
0.01,50,SqExp,Prey,No,Default,1,2.5430338566759,2.0649910769351,-8.80169414412268e-05,2.35231900043207,-5.87582970543465e-06,1.41763735275469,0.998087840907558,0.908,133.28052284217
0.01,50,SqExp,Predator,No,Default,1,2.85377053864632,2.48617317480951,-3.86126286846533e-05,2.46765950875034,-0.000279009629527052,1.65670655015938,0.998038535403427,1,198.191403350839
0.01,50,Matern 1/2,Prey,No,Default,1,0.14622648583438,0.0831350815122972,0.996693366775019,0.402825941855119,-1.94949893440665,0.157593513224007,0.00330001995853109,1,130.797052227508
0.01,50,Matern 1/2,Predator,No,Default,1,0.0924828872432632,0.054505879031582,0.998949728869522,0.285330197395853,-2.18260832098401,0.136298012732345,0.0010481705882168,1,169.418912165643
0.01,50,Matern 3/2,Prey,No,Default,1,0.0377587871174039,0.0270969448910875,0.999779519588793,-1.09963656587825,-3.45196144214002,0.0376460550944596,0.000220039450384146,0.998,129.612679745034
0.01,50,Matern 3/2,Predator,No,Default,1,0.0275145279776001,0.0217019355329916,0.999907038568637,-1.39819477886871,-3.86613329724858,0.0269863302742968,9.2775508500285e-05,0.998,161.927879111258
0.01,50,Matern 5/2,Prey,No,Default,1,0.0326983730304613,0.0246521766056418,0.999834656842359,-1.63720160351507,-3.98952647977684,0.0231310651265182,0.000165012471325478,0.996,130.047766924599
0.01,50,Matern 5/2,Predator,No,Default,1,0.0261463148072173,0.0207416320952543,0.999916054070856,-1.86736673032134,-4.3353052487012,0.0180044371682703,8.37780372861372e-05,1,173.319548974286
0.01,50,RatQuad,Prey,No,Default,1,0.0307693356125923,0.0231644222523688,0.999853590190053,-1.95484885487889,-4.30717373114067,0.0181508410640582,0.000146116990326809,0.986,133.896101178524
0.01,50,RatQuad,Predator,No,Default,1,0.0259320171548296,0.0209553203042415,0.99991742448915,-2.04793637867201,-4.51587489705187,0.0159355428600199,8.24103598281881e-05,1,194.388175433086
0.01,50,Periodic,Prey,No,Default,1,2.54303398049389,2.06499120335377,-8.81143281810104e-05,2.35231905258299,-5.82367877588208e-06,1.41763742230147,0.998087938099525,0.908,133.280639617207
0.01,50,Periodic,Predator,No,Default,1,2.85377053930577,2.48617317572218,-3.86130908660576e-05,2.46765950473942,-0.000279013640443576,1.65670656971792,0.998038535864684,1,198.192067834441
0.05,5,SqExp,Prey,No,Default,1,2.5550794975714,1.9668454820135,-0.0095847304932728,2.66620797997051,0.144161960502451,1.42293165449898,1.00756556103229,0.832,12.4225724875215
0.05,5,SqExp,Predator,No,Default,1,2.90731833836741,2.42081764946987,-0.0379199125971057,2.48627510129334,-0.0136114640004369,1.66002925297254,1.03584407277191,0.942,18.1639342289088
0.05,5,Matern 1/2,Prey,No,Default,1,2.55507934191379,1.96684531659912,-0.00958460748376,2.66620800365066,0.144161984182604,1.42293154731157,1.00756543826879,0.832,12.4225731755077
0.05,5,Matern 1/2,Predator,No,Default,1,2.90731705891004,2.42081656437624,-0.0379189990583519,2.48627466715901,-0.0136118981347704,1.66002851349443,1.03584316106024,0.942,18.1639359163706
0.05,5,Matern 3/2,Prey,No,Default,1,2.55507927571996,1.96684527746479,-0.00958455517362844,2.66620753512317,0.144161515655112,1.42293146899203,1.00756538606328,0.832,12.4225716334607
0.05,5,Matern 3/2,Predator,No,Default,1,2.9073174095501,2.42081683620505,-0.0379192494170077,2.48627478743804,-0.0136117778557394,1.66002870537194,1.03584341091817,0.942,18.1639347280834
0.05,5,Matern 5/2,Prey,No,Default,1,2.55507945236662,1.96684543944488,-0.00958469476988144,2.66620778894039,0.144161769472337,1.42293160613029,1.00756552538034,0.832,12.4225719286808
0.05,5,Matern 5/2,Predator,No,Default,1,2.90731789110199,2.42081722147436,-0.0379195932473861,2.48627494949838,-0.0136116157953937,1.66002897911874,1.03584375406089,0.942,18.1639348370451
0.05,5,RatQuad,Prey,No,Default,1,2.55507949428832,1.96684547887969,-0.00958472789879772,2.66620790543321,0.144161885965154,1.42293164488158,1.007565558443,0.832,12.4225721676429
0.05,5,RatQuad,Predator,No,Default,1,2.90731767750436,2.42081701841169,-0.0379194407376398,2.48627487812288,-0.0136116871708985,1.66002884878746,1.03584360185616,0.942,18.1639345056255
0.05,5,Periodic,Prey,No,Default,1,2.55507952368856,1.96684550736026,-0.0095847511325462,2.66620833028202,0.144162310813961,1.4229317049566,1.00756558163028,0.832,12.4225737301712
0.05,5,Periodic,Predator,No,Default,1,2.90731842548067,2.42081771496614,-0.0379199747964132,2.48627512756738,-0.0136114377263969,1.66002930282359,1.03584413484682,0.942,18.1639359438155
0.05,10,SqExp,Prey,No,Default,1,2.55161448098302,1.98001749381207,-0.00684833358796522,2.3569895718675,0.00104829208227518,1.39925280724376,1.00483463692079,0.894,25.8245127572295
0.05,10,SqExp,Predator,No,Default,1,2.09512514770416,1.31392716620102,0.460987783929198,2.2657728982847,-0.23926572686362,0.93645952622025,0.537934191638661,0.782,34.7588862016754
0.05,10,Matern 1/2,Prey,No,Default,1,2.01070976565964,1.29258611407429,0.374780213721981,1.88272424766203,-0.473217032123194,0.977181625838988,0.623969346705463,0.916,26.0707375706217
0.05,10,Matern 1/2,Predator,No,Default,1,2.41883971179989,1.58848327263623,0.281556121247915,1.95470240822874,-0.550336216919582,1.19564333067342,0.717006990994581,0.866,36.0820407693691
0.05,10,Matern 3/2,Prey,No,Default,1,2.01796390482288,1.24941765199221,0.370260801952851,1.74173630127013,-0.614204978515098,0.943319210743705,0.628479719651054,0.88,25.9732817141996
0.05,10,Matern 3/2,Predator,No,Default,1,2.56253597416323,1.55446016737421,0.193659245758402,1.76562973745952,-0.739408887688805,1.17437514706779,0.804728072733115,0.792,33.6538645172975
0.05,10,Matern 5/2,Prey,No,Default,1,2.03054353087055,1.25365653282598,0.362384966906661,1.82823714509413,-0.527704134691092,0.950082447040855,0.636339803027152,0.832,25.9120369476826
0.05,10,Matern 5/2,Predator,No,Default,1,2.44961621225225,1.48617105281349,0.263157336159849,1.80575535456533,-0.699283270582993,1.10792354324317,0.73536897851247,0.776,33.7179252741548
0.05,10,RatQuad,Prey,No,Default,1,2.55161312491461,1.98001569194333,-0.00684726339898467,2.35698892475697,0.00104764497174918,1.39925193682208,1.00483356887219,0.894,25.8245058541399
0.05,10,RatQuad,Predator,No,Default,1,2.18129825418977,1.35255369278356,0.415736478191656,2.12106180930324,-0.383976815845088,0.976396910203271,0.583094994764727,0.762,34.4916458792752
0.05,10,Periodic,Prey,No,Default,1,2.55161448300162,1.98001751472726,-0.00684833518101646,2.35698955425442,0.00104827446919436,1.39925282453448,1.00483463851065,0.894,25.8245114685857
0.05,10,Periodic,Predator,No,Default,1,2.93264971852667,2.41338812398117,-0.0560854392294747,2.51989960651368,0.0148609813653515,1.68012657267173,1.05397326835102,0.868,38.0204153549222
0.05,25,SqExp,Prey,No,Default,1,2.5485537475481,2.12200480813779,-0.00443429644256588,2.36355724491308,-0.00398662816864061,1.43844209724607,1.00242542784968,0.936,68.7256482748845
0.05,25,SqExp,Predator,No,Default,1,2.91087661398734,2.41952545990107,-0.0404620939152409,2.50210486973655,0.00484066867841915,1.67025694798775,1.03838116972741,0.884,95.4931863407586
0.05,25,Matern 1/2,Prey,No,Default,1,1.26497555463228,0.581801781716408,0.752543876580427,1.23996319368685,-1.12758067939487,0.526333639973818,0.246961211172734,0.958,70.9157569626276
0.05,25,Matern 1/2,Predator,No,Default,1,0.974531802625352,0.458600391436713,0.883380627210286,1.14451663409104,-1.35274756696709,0.448479014296013,0.116386134044134,0.972,92.9853417402972
0.05,25,Matern 3/2,Prey,No,Default,1,1.14092698303258,0.506588645826919,0.798697280550866,0.733698606455595,-1.63384526662613,0.403349133329243,0.200900114010236,0.912,70.6359565050267
0.05,25,Matern 3/2,Predator,No,Default,1,0.728616249529797,0.34468198110123,0.9348106915578,0.412749920898564,-2.08451428015957,0.267672420187628,0.0650589298253152,0.904,86.2310849593535
0.05,25,Matern 5/2,Prey,No,Default,1,1.12506424216692,0.486724632097522,0.804255944156988,0.713244783440457,-1.65429908964126,0.383124010847104,0.195352567731326,0.878,71.4139562016805
0.05,25,Matern 5/2,Predator,No,Default,1,0.707504137917378,0.333585990392141,0.938533761451919,0.329892502407286,-2.16737169865084,0.257716457397852,0.0613433060709845,0.962,87.7810820729313
0.05,25,RatQuad,Prey,No,Default,1,1.13014619317387,0.535461469567753,0.802483586011613,0.829327504679955,-1.53821636840177,0.417055720600955,0.19712138116041,0.932,71.6334493209103
0.05,25,RatQuad,Predator,No,Default,1,2.91087639983822,2.41952519746462,-0.0404619408245677,2.50210477045622,0.00484056939809038,1.67025678789891,1.03838101694292,0.884,95.493285006816
0.05,25,Periodic,Prey,No,Default,1,2.54855371683045,2.12200478595091,-0.00443427222972992,2.36355712530415,-0.003986747777575,1.43844203128338,1.00242540368527,0.936,68.7256804725422
0.05,25,Periodic,Predator,No,Default,1,2.91087661283787,2.41952545967378,-0.0404620930935109,2.50210499679657,0.00484079573844031,1.67025700577913,1.03838116890732,0.884,95.4933590100605
0.05,50,SqExp,Prey,No,Default,1,2.54337728908484,2.07421068598141,-0.000358155561837936,2.35254836967046,0.000116482578231787,1.41998374805812,0.998357439250714,0.908,133.563627718824
0.05,50,SqExp,Predator,No,Default,1,2.85383164904669,2.48482568953601,-8.14425713926425e-05,2.46802502229671,-0.000507510902748295,1.65549261466026,0.99808127968625,1,196.813385047328
0.05,50,Matern 1/2,Prey,No,Default,1,0.182877133641133,0.130095862717268,0.994828068652212,0.478235135348105,-1.87419675174412,0.16621899254833,0.00516158748509245,0.994,131.119080667962
0.05,50,Matern 1/2,Predator,No,Default,1,0.121302052302823,0.0930286702749045,0.998193179679957,0.380131771916476,-2.08840076128298,0.146165055325358,0.00180320667940252,0.992,169.682362337827
0.05,50,Matern 3/2,Prey,No,Default,1,0.115365530384796,0.0925021708762858,0.997941807111386,-0.31491575156327,-2.6673476386555,0.0692656852181658,0.00205407650283687,0.916,129.901042496648
0.05,50,Matern 3/2,Predator,No,Default,1,0.121874015133568,0.0954791693176868,0.998176100488521,-0.150828271368886,-2.61936080456834,0.0712718841153377,0.00182025171245627,0.848,165.925817240874
0.05,50,Matern 5/2,Prey,No,Default,1,0.115646194868064,0.0924567763360233,0.997931780471413,-0.00695810862251246,-2.35938999571474,0.0679363599258488,0.00206408308953002,0.764,130.422388534897
0.05,50,Matern 5/2,Predator,No,Default,1,0.123590589058214,0.0959450875349007,0.998124360055881,0.56534646070109,-1.90318607249836,0.074833347656811,0.00187188866423096,0.674,182.289146672673
0.05,50,RatQuad,Prey,No,Default,1,0.118730947633832,0.0946979217629534,0.99781997332675,-0.692301802053546,-3.04473368914577,0.0670474921416574,0.00217566661990356,0.976,134.088035533133
0.05,50,RatQuad,Predator,No,Default,1,0.123967166899842,0.0971973361632399,0.998112912573919,-0.458077934599896,-2.92661046779935,0.076690522572105,0.00188331325122885,1,195.171793162474
0.05,50,Periodic,Prey,No,Default,1,2.54337743293708,2.07421083266635,-0.000358268721426969,2.3525484401152,0.000116553022975976,1.41998382874007,0.998357552183984,0.908,133.56375454653
0.05,50,Periodic,Predator,No,Default,1,2.85383164962118,2.48482569033074,-8.1442974037671e-05,2.46802502874316,-0.000507504456292345,1.65549260446515,0.99808128008809,1,196.813995623519
0.1,5,SqExp,Prey,No,Default,1,2.55500889935119,1.96708931509446,-0.0095289405262633,2.74982122213082,0.170798259439985,1.43096801773321,1.00750988264521,0.826,12.4885477506437
0.1,5,SqExp,Predator,No,Default,1,2.89775410990494,2.42492909492632,-0.0311022382251305,2.48287953845852,-0.0120188897434539,1.65752332598228,1.02904003374868,0.94,18.3761275212675
0.1,5,Matern 1/2,Prey,No,Default,1,2.55500873407515,1.9670891404439,-0.0095288099193267,2.74982125007544,0.170798287384609,1.43096790247409,1.00750975229949,0.826,12.4885485125144
0.1,5,Matern 1/2,Predator,No,Default,1,2.89775352639672,2.42492856242441,-0.0311018229679711,2.48287933762013,-0.0120190905818429,1.65752297835527,1.02903961932204,0.94,18.3761285142707
0.1,5,Matern 3/2,Prey,No,Default,1,2.55500867393402,1.96708910589776,-0.00952876239369882,2.74982068312737,0.170797720436534,1.43096782009825,1.00750970486891,0.826,12.488546701975
0.1,5,Matern 3/2,Predator,No,Default,1,2.89775359653594,2.42492860031949,-0.0311018728829675,2.48287936171299,-0.0120190664889834,1.65752301107969,1.0290396691372,0.94,18.376128523827
0.1,5,Matern 5/2,Prey,No,Default,1,2.55500884885792,1.96708926717541,-0.00952890062470479,2.74982098728873,0.170798024597898,1.43096796191018,1.00750984282346,0.826,12.4885471029555
0.1,5,Matern 5/2,Predator,No,Default,1,2.89775387609541,2.42492883895269,-0.0311020718331529,2.48287945780465,-0.0120189703973169,1.65752317486013,1.02903986768949,0.94,18.3761283947405
0.1,5,RatQuad,Prey,No,Default,1,2.55500889641562,1.96708931241712,-0.00952893820647494,2.74982115085582,0.170798188164988,1.43096800902052,1.00750988033006,0.826,12.4885474509108
0.1,5,RatQuad,Predator,No,Default,1,2.89775408429849,2.42492903287873,-0.0311022200021449,2.48287952870455,-0.0120188994974165,1.65752330737552,1.02904001556214,0.94,18.3761300680965
0.1,5,Periodic,Prey,No,Default,1,2.55500891861023,1.96708933537739,-0.00952895574543544,2.74982163561081,0.170798672919976,1.43096806903711,1.00750989783394,0.826,12.4885491694456
0.1,5,Periodic,Predator,No,Default,1,2.89775415855786,2.42492910076061,-0.03110227284928,2.48287955475838,-0.0120188734435918,1.65752334816411,1.02904006830358,0.94,18.3761286257132
0.1,10,SqExp,Prey,No,Default,1,2.55021181844076,1.98612388601442,-0.00574167717046081,2.35795163992012,0.00283655832531149,1.3995006501287,1.00373019381612,0.89,25.800084651156
0.1,10,SqExp,Predator,No,Default,1,2.0877076598847,1.31996315939573,0.464797617603987,3.31357096192976,0.806923513152932,0.959442160558889,0.534131977631221,0.736,34.6571475430215
0.1,10,Matern 1/2,Prey,No,Default,1,2.01292467243517,1.33199217445133,0.373402027488536,1.90490123266937,-0.450213848925436,0.987697514947304,0.625344776566441,0.916,26.0708784855044
0.1,10,Matern 1/2,Predator,No,Default,1,2.39185359935852,1.59213983583898,0.29749752880606,1.95917840530399,-0.547469043472841,1.18848631116852,0.701097466251552,0.88,36.072383070905
0.1,10,Matern 3/2,Prey,No,Default,1,2.00880700224573,1.28777793892436,0.375962962685645,2.0846258932554,-0.270489188339409,0.954151541182781,0.622788963239726,0.874,26.0024153381375
0.1,10,Matern 3/2,Predator,No,Default,1,2.48603576622786,1.53889894318978,0.241084516213664,1.99288647382583,-0.513760974950998,1.15650741432432,0.757397652818763,0.784,33.8935251661495
0.1,10,Matern 5/2,Prey,No,Default,1,2.01586033920017,1.28862282282986,0.371573022929176,2.42896960291739,0.07385452132258,0.959147132401931,0.627170123116683,0.832,25.9569448293883
0.1,10,Matern 5/2,Predator,No,Default,1,2.38506119829015,1.47914151269656,0.301481805448756,2.210057879732,-0.296589569044831,1.10195478650403,0.697121158162141,0.76,33.9074974369961
0.1,10,RatQuad,Prey,No,Default,1,2.55021131074235,1.98612331099553,-0.00574127672262437,2.35795143104725,0.00283634945244653,1.39950032139149,1.00372979416918,0.89,25.80008462342
0.1,10,RatQuad,Predator,No,Default,1,2.11443537266553,1.33331542497533,0.451006124228056,3.17823681528049,0.671589366503662,0.972205127971198,0.5478958880204,0.726,34.5798540705403
0.1,10,Periodic,Prey,No,Default,1,2.55021183212344,1.98612402452503,-0.00574168796269592,2.35795169815591,0.00283661656110973,1.39950067298669,1.00373020458677,0.89,25.8000874269637
0.1,10,Periodic,Predator,No,Default,1,2.93851461165164,2.412279948112,-0.0603137121063275,2.52126276756679,0.0146153187899646,1.68155593245298,1.05819308468212,0.868,37.7802144664463
0.1,25,SqExp,Prey,No,Default,1,2.54722175137468,2.11340896101248,-0.00338463993473725,2.36611148185101,-0.00450518875911652,1.4375155678332,1.00137787065487,0.938,68.7462358787759
0.1,25,SqExp,Predator,No,Default,1,2.91632448003143,2.41778551316392,-0.044360302688871,2.5070068806274,0.00540055271198633,1.67292351902942,1.04227158208349,0.878,95.4801798348925
0.1,25,Matern 1/2,Prey,No,Default,1,1.29682923321025,0.641189641502544,0.739924451615864,1.28993350017724,-1.08068317043288,0.548571128488979,0.259555397287368,0.952,70.7147999642082
0.1,25,Matern 1/2,Predator,No,Default,1,1.01572090387461,0.512718561950633,0.873314342548316,1.25743924284293,-1.24416708507248,0.468884900317486,0.126432286136781,0.96,93.1313677794804
0.1,25,Matern 3/2,Prey,No,Default,1,1.1947718973979,0.621273212054719,0.779248360889204,1.63421009569151,-0.736406574918616,0.467548596052431,0.220310135832574,0.834,70.3733777329666
0.1,25,Matern 3/2,Predator,No,Default,1,0.796380045116156,0.429822934322826,0.922121171959397,1.54811252130978,-0.953493806605625,0.323722325959467,0.0777230703845214,0.808,86.6036905890633
0.1,25,Matern 5/2,Prey,No,Default,1,1.18433910051585,0.613825132836899,0.783086753511911,2.14166535722988,-0.228951313380247,0.460039867178791,0.216479419995113,0.774,71.1777027437089
0.1,25,Matern 5/2,Predator,No,Default,1,0.781599663563721,0.424624926199228,0.92498512391639,0.585348571112954,-1.91625775680246,0.31367008196458,0.0748648463314428,0.938,87.0975871692828
0.1,25,RatQuad,Prey,No,Default,1,1.19413382660058,0.663200490726124,0.779484083812823,1.00004275799022,-1.37057391261991,0.48159948577981,0.220074884354802,0.924,71.1664017037535
0.1,25,RatQuad,Predator,No,Default,1,2.91632422145994,2.41778520662924,-0.0443601174956314,2.50700675415191,0.00540042623650246,1.67292332532475,1.04227139726064,0.878,95.4802687477026
0.1,25,Periodic,Prey,No,Default,1,2.54722170931084,2.1134089295195,-0.0033846067957235,2.36611139575166,-0.00450527485846674,1.43751551071147,1.00137783758213,0.938,68.7462636211369
0.1,25,Periodic,Predator,No,Default,1,2.91632447876329,2.41778551318304,-0.044360301780606,2.50700700470956,0.00540067679415145,1.67292357191155,1.04227158117704,0.878,95.4803398228122
0.1,50,SqExp,Prey,No,Default,1,2.54413190049817,2.08594481524184,-0.000951849364374313,2.35301365722526,0.00024040351128011,1.4232251039517,0.998949945665646,0.908,133.965704785318
0.1,50,SqExp,Predator,No,Default,1,2.85393973444351,2.48314133285774,-0.00015719773836298,2.46896577164081,-0.000812263517116568,1.65412226774374,0.998156883342886,1,195.034064563369
0.1,50,Matern 1/2,Prey,No,Default,1,0.256399687423506,0.198594513668767,0.989833559529135,0.722198015150479,-1.6305752385635,0.188929397224654,0.0101461075899235,0.99,131.683041508531
0.1,50,Matern 1/2,Predator,No,Default,1,0.210785080109365,0.16368225954569,0.994544200482887,0.639515621543114,-1.83026241361481,0.174416803204887,0.00544488791807852,0.984,170.779894375916
0.1,50,Matern 3/2,Prey,No,Default,1,0.223782235475091,0.179412702920116,0.992255646742107,1.95513557444427,-0.397637679269715,0.132652939074605,0.00772886455137745,0.758,130.616930775495
0.1,50,Matern 3/2,Predator,No,Default,1,0.244685072920764,0.1899137147761,0.992648201073666,2.77415543797802,0.304377402820097,0.148437246261136,0.00733709532848089,0.672,173.949772973329
0.1,50,Matern 5/2,Prey,No,Default,1,0.227186325513684,0.181852349572672,0.992018246452589,4.24456344789423,1.89179019418025,0.144377863214009,0.00796579004031622,0.524,131.537930166193
0.1,50,Matern 5/2,Predator,No,Default,1,0.219150807315703,0.176757893834498,0.994102542519643,-0.065587206477598,-2.53536524163552,0.12530457735118,0.00588566256539612,0.98,183.004537079624
0.1,50,RatQuad,Prey,No,Default,1,0.225564416424402,0.179232533344582,0.992131804944806,-0.0786479541914705,-2.43142120790545,0.126068891724151,0.00785245866508351,0.97,134.394237561373
0.1,50,RatQuad,Predator,No,Default,1,0.218041671958946,0.175773733219961,0.994162086231036,0.0450854600152924,-2.42469257514263,0.131096166971885,0.00582623794142562,1,194.796059553197
0.1,50,Periodic,Prey,No,Default,1,2.54413207791218,2.08594500040709,-0.000951988966323203,2.35301375395962,0.000240500245633146,1.42322521102821,0.998950084988391,0.908,133.965837809249
0.1,50,Periodic,Predator,No,Default,1,2.85393973497857,2.48314133359143,-0.000157198113389656,2.46896574098913,-0.000812294168795437,1.65412229081966,0.998156883717163,1,195.034733249897
0.2,5,SqExp,Prey,No,Default,1,2.55486831515609,1.96757698051465,-0.00941784900792242,2.9600976268381,0.232679933044058,1.44946561216136,1.00739901330991,0.814,12.7229293725407
0.2,5,SqExp,Predator,No,Default,1,2.88139364212495,2.434388174392,-0.0194920787943791,2.47722987654737,-0.0107384897922734,1.65401203866944,1.01745309463679,0.944,18.7496859759028
0.2,5,Matern 1/2,Prey,No,Default,1,2.55486814726417,1.96757680574856,-0.00941771634112687,2.96009766921546,0.232679975421421,1.44946549310436,1.00739888090844,0.814,12.7229302586138
0.2,5,Matern 1/2,Predator,No,Default,1,2.88139322006323,2.43438779986423,-0.0194917801274141,2.47722972890237,-0.0107386374372667,1.65401178454686,1.01745279656716,0.944,18.7496860632128
0.2,5,Matern 3/2,Prey,No,Default,1,2.5548680167998,1.96757669739869,-0.00941761324927781,2.96009635180516,0.232678658011122,1.44946530143103,1.00739877802278,0.814,12.7229264925904
0.2,5,Matern 3/2,Predator,No,Default,1,2.88139345853967,2.43438799865192,-0.0194919488824326,2.47722981242128,-0.0107385539183641,1.65401192466828,1.01745296498467,0.944,18.7496861628018
0.2,5,Matern 5/2,Prey,No,Default,1,2.55486826222202,1.96757692928173,-0.00941780717986096,2.9600973086064,0.232679614812362,1.44946554837215,1.0073989715655,0.814,12.722928558035
0.2,5,Matern 5/2,Predator,No,Default,1,2.88139358649367,2.4343881305135,-0.0194920394275637,2.47722985686556,-0.0107385094740781,1.65401200583093,1.01745305534871,0.944,18.7496856529384
0.2,5,RatQuad,Prey,No,Default,1,2.55486831178627,1.96757697877537,-0.00941784634511666,2.96009762660934,0.232679932815301,1.44946561044671,1.00739901065243,0.814,12.7229293288137
0.2,5,RatQuad,Predator,No,Default,1,2.88139336422167,2.43438790708547,-0.0194918821394181,2.47722977922139,-0.0107385871182491,1.65401186440827,1.01745289837514,0.944,18.7496858660386
0.2,5,Periodic,Prey,No,Default,1,2.55486832096003,1.96757699141165,-0.00941785359414826,2.96009814528425,0.232680451490214,1.44946566129403,1.00739901788696,0.814,12.7229310570152
0.2,5,Periodic,Predator,No,Default,1,2.88139365105482,2.43438817761275,-0.0194920851135028,2.47722988078798,-0.0107384855516647,1.65401204926061,1.01745310094328,0.944,18.7496876901607
0.2,10,SqExp,Prey,No,Default,1,2.54777526960626,1.99845685167734,-0.00382076375101126,2.35982729586857,0.00523101944574785,1.40117492058077,1.00181312222351,0.89,25.8197845768119
0.2,10,SqExp,Predator,No,Default,1,2.09289640882724,1.42920559822222,0.462133947935179,6.32536481511004,3.81616082032922,1.03473470511001,0.536790319960691,0.69,34.3470506071054
0.2,10,Matern 1/2,Prey,No,Default,1,2.03749187056338,1.42380921392956,0.358013776695753,1.98062325250951,-0.373973023913307,1.0285087280711,0.640702250857638,0.91,26.1067702106945
0.2,10,Matern 1/2,Predator,No,Default,1,2.34019789226757,1.61457403853374,0.327513088168613,1.98532054813248,-0.523883446648336,1.18132221894855,0.671141938007725,0.92,35.9717406300601
0.2,10,Matern 3/2,Prey,No,Default,1,2.02370971618735,1.38497629124586,0.366669544477578,3.06116891928552,0.706572642862705,1.00437616191181,0.632063794611377,0.85,26.0776606193866
0.2,10,Matern 3/2,Predator,No,Default,1,2.34107652912177,1.56058982725427,0.327008017457055,2.69515175446626,0.185947759685441,1.13556158077485,0.671645998577859,0.8,34.3059080262175
0.2,10,Matern 5/2,Prey,No,Default,1,2.02760678712765,1.3842665178381,0.364227978728676,2.38626631626155,0.0316700398387318,1.00676887563816,0.634500477228782,0.836,26.0540500827599
0.2,10,Matern 5/2,Predator,No,Default,1,2.2719634585199,1.52690193744031,0.366157504532626,3.41173633823772,0.902532343456902,1.10744594174681,0.632574810476439,0.76,34.1847656106681
0.2,10,RatQuad,Prey,No,Default,1,2.54777528104973,1.99845703732557,-0.00382077276844428,2.35982737466434,0.00523109824152384,1.40117496641274,1.00181313122291,0.89,25.8197877896421
0.2,10,RatQuad,Predator,No,Default,1,2.09289779083028,1.42920691114981,0.462133237596376,6.32305334452173,3.81384934974091,1.03473429843949,0.536791028878817,0.69,34.347051467928
0.2,10,Periodic,Prey,No,Default,1,2.54777528778595,1.99845704621662,-0.00382077807657355,2.3598273406093,0.00523106418648265,1.40117497447162,1.00181313652042,0.89,25.819786390055
0.2,10,Periodic,Predator,No,Default,1,2.95084553097892,2.41039305586702,-0.0692311940363486,2.52273905805657,0.0135350632757524,1.68432109882827,1.06709273164828,0.868,37.2322101430467
0.2,25,SqExp,Prey,No,Default,1,2.54509521041285,2.09640886739276,-0.00170999353749424,2.37374413032444,-0.00562055760303313,1.43749428829781,0.999706573550419,0.948,68.8927474569655
0.2,25,SqExp,Predator,No,Default,1,2.92793771520603,2.41447227278355,-0.052694457841874,2.51625468085844,0.0062862831211598,1.67807030451247,1.05058906892619,0.868,95.1936263055203
0.2,25,Matern 1/2,Prey,No,Default,1,1.38502209422157,0.798213262914601,0.703347958053164,1.47466571833353,-0.904698969593946,0.61966577415677,0.296058737862943,0.942,70.4326843648461
0.2,25,Matern 1/2,Predator,No,Default,1,1.11950443114999,0.644567107639149,0.84610294737182,1.71349548220218,-0.796472915535099,0.531804347904197,0.153589258522923,0.934,93.245847221732
0.2,25,Matern 3/2,Prey,No,Default,1,1.35151701351003,0.852048093263594,0.717526979736727,4.57949393362187,2.20012924569439,0.631125400435509,0.281908074222747,0.744,70.2097963030491
0.2,25,Matern 3/2,Predator,No,Default,1,0.964654832128388,0.607346699863995,0.885732544443996,1.41748606471151,-1.09248233302578,0.451789554959106,0.114038920644892,0.754,87.8901139641175
0.2,25,Matern 5/2,Prey,No,Default,1,1.34699958714318,0.853988999119058,0.719412147981986,1.30895477064408,-1.0704099172834,0.613577527001914,0.280026676313978,0.884,70.4563627379746
0.2,25,Matern 5/2,Predator,No,Default,1,0.95176022031286,0.59251519901572,0.888766970189782,1.00619773061746,-1.50377066711983,0.433580402755556,0.111010563750597,0.908,86.525684638292
0.2,25,RatQuad,Prey,No,Default,1,1.34821358439415,0.872543161909809,0.718906154685916,1.31624837089594,-1.06311631703153,0.617024497167208,0.280531657623455,0.922,70.5421776428708
0.2,25,RatQuad,Predator,No,Default,1,2.92793732426424,2.41447181900605,-0.052694176727814,2.51625447511498,0.00628607737769938,1.67807001352718,1.05058878837436,0.868,95.1936901341784
0.2,25,Periodic,Prey,No,Default,1,2.54509514631226,2.09640881580045,-0.00170994307949179,2.37374409192957,-0.00562059599790421,1.43749424457165,0.999706523193333,0.948,68.8927702735712
0.2,25,Periodic,Predator,No,Default,1,2.92793771367239,2.41447227320507,-0.0526944567390868,2.51625478955725,0.00628639181996473,1.67807034647769,1.05058906782561,0.868,95.1937561623814
0.2,50,SqExp,Prey,No,Default,1,2.54672410288,2.1098786512232,-0.00299261746691126,2.35431391459586,0.000382562994191165,1.43054409904748,1.00098663223198,0.908,134.907121481507
0.2,50,SqExp,Predator,No,Default,1,2.85426154677762,2.47981178079109,-0.000382767371208015,2.47287012877059,-0.00146476216608381,1.65220261694405,0.998382001836466,1,191.41731115776
0.2,50,Matern 1/2,Prey,No,Default,1,0.433217934393538,0.344298318466022,0.970976699811259,1.6739064194046,-0.680024932197068,0.262774373445562,0.0289652535883634,0.954,133.247081705663
0.2,50,Matern 1/2,Predator,No,Default,1,0.420691930170221,0.326401369977636,0.978267632956497,1.49319688469912,-0.981138006237551,0.263751460773849,0.0216889023094157,0.96,174.168722401191
0.2,50,Matern 3/2,Prey,No,Default,1,0.442694187602432,0.354028016755332,0.96969309560189,9.10633465032854,6.75240329872687,0.278304901998484,0.0302462905893133,0.57,132.887794494984
0.2,50,Matern 3/2,Predator,No,Default,1,0.446482985196524,0.352389221857816,0.975521291812352,0.650632454561118,-1.82370243637556,0.252735316763615,0.0244297507712724,0.916,181.035074507195
0.2,50,Matern 5/2,Prey,No,Default,1,0.439322032432319,0.351356539022884,0.970153053479663,1.25378379013924,-1.10014756146244,0.260957488024304,0.0297872526272966,0.744,134.083210978034
0.2,50,Matern 5/2,Predator,No,Default,1,0.395137292580238,0.323973579229069,0.980827678269814,0.584563290960432,-1.88977159997624,0.231926697912088,0.0191339770867252,0.99,182.903026928646
0.2,50,RatQuad,Prey,No,Default,1,0.416049138302177,0.331485516738945,0.973231551948192,0.533371417150352,-1.82055993445132,0.231791763660351,0.0267149111557042,0.946,135.191936180419
0.2,50,RatQuad,Predator,No,Default,1,0.386251639268089,0.318532174587282,0.981680258560002,0.62379715335684,-1.85053773757983,0.233444829651471,0.0182831019571177,1,190.235688576582
0.2,50,Periodic,Prey,No,Default,1,2.54672440270881,2.10987895327602,-0.00299285363391699,2.35431405064263,0.000382699040959744,1.43054429274476,1.00098686792665,0.908,134.907240199017
0.2,50,Periodic,Predator,No,Default,1,2.85426154721346,2.4798117813743,-0.000382767676724516,2.47287008552754,-0.00146480540913239,1.65220262204547,0.998382002141371,1,191.417947778933
0,5,SqExp,Prey,Yes,Auto,1,2.40134040305473,1.81031796418338,0.1082535373832,2.06010447897614,-0.375851448075485,1.25598226381379,0.889962969691566,0.962,14.0130736182148
0,5,SqExp,Predator,Yes,Auto,1,3.62984274143142,2.98426662473535,-0.617909737965406,112.519375528036,110.002595869969,2.83966360280934,1.61467391848948,0.122,18.5144486201027
0,5,Matern 1/2,Prey,Yes,Auto,1,2.21509225132406,1.79703734743753,0.241217030238156,2.25334211173323,-0.182613815318392,1.25751403928679,0.75726540382232,0.99,14.0130739245999
0,5,Matern 1/2,Predator,Yes,Auto,1,2.94524025597084,2.41116183508138,-0.0651729385221436,2.59372847153946,0.0769488134724915,1.72567855769006,1.0630425926451,1,15.1204611218478
0,5,Matern 3/2,Prey,Yes,Auto,1,2.14338803119281,1.65108107203984,0.289546690419157,2.1216524920365,-0.314303435015123,1.17637380410814,0.709032402961681,0.988,14.0130739343293
0,5,Matern 3/2,Predator,Yes,Auto,1,3.35715392769634,2.74529193139835,-0.383952477400952,7.68101810529742,5.16423844723045,2.30206840055981,1.38118457244615,0.256,15.6280193159949
0,5,Matern 5/2,Prey,Yes,Auto,1,2.15553465531806,1.68923992974083,0.281471567043515,2.18924531252924,-0.246710614522388,1.2007891414027,0.717091376090573,0.992,14.013073869678
0,5,Matern 5/2,Predator,Yes,Auto,1,3.47269512164149,2.8445923312186,-0.480853112804837,9.30361899790032,6.78683933983336,2.47037351126649,1.47789140657923,0.288,18.8366536248375
0,5,RatQuad,Prey,Yes,Auto,1,2.3990274803699,1.99393877486216,0.1099705345412,2.32265020805249,-0.113305718999139,1.36577943128988,0.888249406527883,0.992,14.0130730873348
0,5,RatQuad,Predator,Yes,Auto,1,3.37152338096695,2.7606328613963,-0.395825153342586,4.4135058893606,1.89672623129363,2.22636666785259,1.3930335030359,0.472,18.6428562956105
0,5,Periodic,Prey,Yes,Auto,1,2.55008680020969,2.13076804861687,-0.00564307127229369,2.39107396183865,-0.0448819652129732,1.45375336115517,1.00363178512975,0.984,14.0130739258743
0,5,Periodic,Predator,Yes,Auto,1,2.94524031257778,2.41116186692757,-0.0651729794669793,2.56642653386056,0.0496468757935976,1.69711285379436,1.06304263350805,0.838,19.7156116370539
0,10,SqExp,Prey,Yes,Auto,1,2.56149183802893,1.94735060979599,-0.0146584861141115,3.27965507151435,0.694894571663866,1.46192374912071,1.01262916914188,0.802,29.1452001763037
0,10,SqExp,Predator,Yes,Auto,1,1.9068236895905,1.64074795322839,0.55352232678261,1.88974424187456,-0.60912776212444,1.0407019006625,0.445584717870956,1,38.8668325335578
0,10,Matern 1/2,Prey,Yes,Auto,1,2.44770833054424,1.77158844274749,0.0734832586088219,2.51540511223171,-0.069355387618774,1.30666455168722,0.924663707908396,0.838,24.4392627451374
0,10,Matern 1/2,Predator,Yes,Auto,1,2.4920511890426,2.17754500388577,0.237407400423851,2.34258584237087,-0.156286161628136,1.43583894456779,0.761067414376997,1,38.8668364527943
0,10,Matern 3/2,Prey,Yes,Auto,1,2.41576075128987,1.72153318258589,0.0975112824786565,2.44841678038026,-0.136343719470224,1.27199114719087,0.900683740086301,0.842,24.4392627381269
0,10,Matern 3/2,Predator,Yes,Auto,1,2.31681639304864,1.97026262109218,0.340883925135694,2.1973219604694,-0.301550043529601,1.3071035454645,0.657797842714578,1,38.8668358258523
0,10,Matern 5/2,Prey,Yes,Auto,1,2.34573871434079,1.67644004731298,0.149071224392907,2.31511812447752,-0.269642375372962,1.21993757328065,0.849226918055879,0.838,24.4392616299782
0,10,Matern 5/2,Predator,Yes,Auto,1,2.22666814237855,1.87229499058298,0.391178949919094,2.16872037539148,-0.330151628607524,1.24946915219214,0.607603407980744,1,38.8668304682335
0,10,RatQuad,Prey,Yes,Auto,1,2.50848043347964,1.84198916730909,0.026904700239557,2.5481011733854,-0.0366593264650819,1.3503972701327,0.971149109160922,0.836,24.4392626736175
0,10,RatQuad,Predator,Yes,Auto,1,2.85008492671553,2.51538983979021,0.00254279616883635,2.4729194977076,-0.0259525062914058,1.65702324283117,0.995462289423501,1,38.8668360265453
0,10,Periodic,Prey,Yes,Auto,1,2.5614918384478,1.94735061025627,-0.0146584864459589,2.65821552954175,0.0734550296912738,1.41487555856992,1.01262916947307,0.83,24.4392620315227
0,10,Periodic,Predator,Yes,Auto,1,2.8628391208399,2.53219151619493,-0.00640446556093943,2.48513724755435,-0.0137347564446477,1.66747354741211,1.00439165662982,1,38.8668353657937
0,25,SqExp,Prey,Yes,Auto,1,0.210030343348546,0.150703188114922,0.993178215061065,-0.163916278747008,-2.51853826027642,0.125436291295502,0.00680814136905759,1,66.6031234285814
0,25,SqExp,Predator,Yes,Auto,1,0.339300914113739,0.220450777500446,0.98586327766202,0.835752477959436,-1.63311710141618,0.249159849856735,0.0141084488933041,1,63.3321744210871
0,25,Matern 1/2,Prey,Yes,Auto,1,0.424260497879901,0.313983022826653,0.9721644931441,1.25093476409843,-1.10368721743098,0.378221851791013,0.0277798358421885,1,61.2702204852411
0,25,Matern 1/2,Predator,Yes,Auto,1,0.403631890819777,0.253296940922259,0.979994490640153,1.02475249806229,-1.44411708131333,0.315777055699545,0.019965498341127,1,66.0183995960129
0,25,Matern 3/2,Prey,Yes,Auto,1,0.067240240943417,0.0439356999302799,0.999300814422661,0.538759674272399,-1.81586230725701,0.186519000844616,0.00069778720618384,1,60.4035999633658
0,25,Matern 3/2,Predator,Yes,Auto,1,0.200822232872487,0.116589704427369,0.995047753522767,-0.0171195892509926,-2.48598916862661,0.126202995159727,0.00494234198427813,1,60.957811748633
0,25,Matern 5/2,Prey,Yes,Auto,1,0.100357903722091,0.0672361139860594,0.998442467557333,0.222553614941014,-2.13206836658839,0.149467557745396,0.00155441737778214,1,66.4864044946576
0,25,Matern 5/2,Predator,Yes,Auto,1,0.191309169783703,0.116409142211207,0.995505822276696,-0.270905850537477,-2.7397754299131,0.104635787971951,0.00448518936785766,1,61.5092730968082
0,25,RatQuad,Prey,Yes,Auto,1,0.205554198390843,0.148182973912956,0.993465886977569,0.13380545964725,-2.22081652188216,0.135494829262637,0.00652104479638608,1,66.6016563609403
0,25,RatQuad,Predator,Yes,Auto,1,0.210325618814631,0.131335228646999,0.994567959248666,0.327472681867495,-2.14139689750812,0.150827295717982,0.00542117666983092,1,64.1646433640067
0,25,Periodic,Prey,Yes,Auto,1,2.54300291424269,2.0482093964931,-6.36798935265137e-05,2.35309410333028,-0.00152787819912646,1.41502737045502,0.99806355253374,0.91,66.6404058441351
0,25,Periodic,Predator,Yes,Auto,1,2.85648304236492,2.46881210214265,-0.00194058588368384,2.46853316382432,-0.000336415551294309,1.65386340632241,0.999936704711916,0.992,97.9595402993702
0,50,SqExp,Prey,Yes,Auto,1,0.0214026598383254,0.0141038099293439,0.999929161486793,-2.30419678800872,-4.65647619570327,0.0108841819319503,7.06968361801509e-05,0.824,139.218813616459
0,50,SqExp,Predator,Yes,Auto,1,0.0317128670121025,0.0217495830938289,0.999876504912741,-1.5018649661014,-3.96971200519197,0.0239061701603544,0.000123248097083973,1,67.528740491982
0,50,Matern 1/2,Prey,Yes,Auto,1,0.144826722466346,0.0759204537216911,0.996756369735016,0.383151974943623,-1.96912743275093,0.156138077970034,0.00323714300445396,1,91.1357047782438
0,50,Matern 1/2,Predator,Yes,Auto,1,0.100810291434092,0.0563523381867936,0.998752075218302,0.266317104083535,-2.20152993500704,0.135189391926138,0.00124542893213504,1,169.847238727089
0,50,Matern 3/2,Prey,Yes,Auto,1,0.0270721482083423,0.0129010078453195,0.999886660999848,-1.30351352675035,-3.65579293444489,0.0330908246388353,0.000113112322151406,1,73.1232041424065
0,50,Matern 3/2,Predator,Yes,Auto,1,0.0161314734916902,0.00754079250161065,0.9999680458885,-1.67049615774476,-4.13834319683533,0.0213327651975519,3.18902032774061e-05,1,161.62805042269
0,50,Matern 5/2,Prey,Yes,Auto,1,0.0204020421314877,0.0109294185689174,0.999935630339383,-2.07428771153794,-4.42656711923249,0.0164333038940536,6.42409212952818e-05,1,129.559359073704
0,50,Matern 5/2,Predator,Yes,Auto,1,0.0117570416064202,0.00678264031807054,0.999983026368128,-2.68466214189395,-5.15250918098452,0.00902175588365442,1.69396846082103e-05,1,52.9795298476104
0,50,RatQuad,Prey,Yes,Auto,1,0.023418596916511,0.0146269165180518,0.999915188316833,-1.55314573357838,-3.90542514127293,0.0215095509154103,8.46420598011009e-05,1,64.2777721849244
0,50,RatQuad,Predator,Yes,Auto,1,0.034921525677523,0.0219539873554887,0.999850250601334,-1.21908672104527,-3.68693376013584,0.0304073972916815,0.000149449899868627,1,198.236914420916
0,50,Periodic,Prey,Yes,Auto,1,2.54297614370557,2.04961173737287,-4.26243919409153e-05,2.35233319751265,5.3789818103203e-05,1.4137358724655,0.998042539143157,0.904,132.591892616027
0,50,Periodic,Predator,Yes,Auto,1,2.85422767233679,2.4801003387881,-0.000359022381330787,2.46773990555509,-0.000107133535477749,1.65594498869733,0.998358304336568,1,197.940563145422
0.01,5,SqExp,Prey,Yes,Auto,1,2.32034020260884,1.7661721282059,0.167398347118317,2.03895717142938,-0.397114200285872,1.21700876862223,0.830936449575919,0.972,14.0171108233072
0.01,5,SqExp,Predator,Yes,Auto,1,3.63933156334665,2.98942123516878,-0.626379594367369,78.1096625691073,75.5940417680116,2.83510147370588,1.62312683517863,0.138,18.5097424974239
0.01,5,Matern 1/2,Prey,Yes,Auto,1,2.21548230157999,1.79863615855814,0.240949782181898,2.2478476827163,-0.188223688998954,1.2576377566666,0.757532117382466,0.992,14.0171097341857
0.01,5,Matern 1/2,Predator,Yes,Auto,1,2.94519998425875,2.41116835788939,-0.0651438094590464,2.9353597965662,0.419738995470558,2.08649701873889,1.06301352184013,1,15.4690162191421
0.01,5,Matern 3/2,Prey,Yes,Auto,1,2.14409996859075,1.6548693469843,0.289074650569191,2.13291246042275,-0.303158911292503,1.17770467056444,0.709503498731947,0.988,14.0171101791611
0.01,5,Matern 3/2,Predator,Yes,Auto,1,3.35814901205973,2.7426332518892,-0.384773025757128,7.66033511460029,5.14471431350465,2.29464264604465,1.38200347970561,0.252,19.1940577859004
0.01,5,Matern 5/2,Prey,Yes,Auto,1,2.15083100075194,1.6526462898704,0.284603989020787,2.16153076628281,-0.274540605432445,1.17855853764846,0.713965218957254,0.988,14.0171101768966
0.01,5,Matern 5/2,Predator,Yes,Auto,1,3.43682898369504,2.80959287225677,-0.450422449459613,6.51083185326586,3.99521105217022,2.37295929812539,1.44752160456069,0.352,15.0117297348816
0.01,5,RatQuad,Prey,Yes,Auto,1,2.47282873664177,2.06309775051046,0.0543683114008823,2.35011611753832,-0.0859552541769338,1.40863219210872,0.94374042522192,0.992,14.0171101811518
0.01,5,RatQuad,Predator,Yes,Auto,1,3.42829799906687,2.80518323082722,-0.443230834903685,5.1872819472858,2.67166114619016,2.31149144741635,1.44034437323388,0.428,18.5861202911655
0.01,5,Periodic,Prey,Yes,Auto,1,2.55033537154107,2.13209725895479,-0.00583913222229215,2.39118426775882,-0.0448871039564337,1.45410203129735,1.00382745395785,0.984,14.0171101765266
0.01,5,Periodic,Predator,Yes,Auto,1,2.94520002880866,2.41116838189055,-0.0651438416823669,2.56397533113452,0.048354530038877,1.69639728866261,1.063013553999,0.84,19.6690844621934
0.01,10,SqExp,Prey,Yes,Auto,1,2.19114770775596,1.57888543277879,0.257532840521371,2.24151029251472,-0.329005891825337,1.14557759043703,0.740982225159672,0.802,24.3896669006911
0.01,10,SqExp,Predator,Yes,Auto,1,1.93408769840199,1.66894506121497,0.540663460802556,2.03591459132209,-0.463601070485598,1.0775823610234,0.458417866119049,1,38.7612544764395
0.01,10,Matern 1/2,Prey,Yes,Auto,1,2.44715635017027,1.763301946614,0.0739010873069621,2.48441237835771,-0.0861038059823517,1.3016801273856,0.924246714867652,0.84,24.3896671075089
0.01,10,Matern 1/2,Predator,Yes,Auto,1,2.49754356252421,2.18040036807849,0.234042253701338,2.33696145210052,-0.162554209707172,1.4380285901291,0.764425830806064,1,38.76124936901
0.01,10,Matern 3/2,Prey,Yes,Auto,1,2.38487342757652,1.69808543054574,0.120441745895183,2.36050763827126,-0.210008546068798,1.24484299386803,0.877799137596608,0.844,24.389666432947
0.01,10,Matern 3/2,Predator,Yes,Auto,1,2.53869771892959,2.1981497208762,0.208591602385223,2.33495522450568,-0.164560437302004,1.45035302550849,0.789825580819547,1,38.7612548901535
0.01,10,Matern 5/2,Prey,Yes,Auto,1,2.34375906324585,1.67223089132822,0.150506875559007,2.30010441537784,-0.270411768962221,1.21652651865887,0.847794138192111,0.84,24.3896671456368
0.01,10,Matern 5/2,Predator,Yes,Auto,1,2.23667274291501,1.89577660553716,0.385695694473744,2.21776828538799,-0.281747376419697,1.26841863856693,0.613075696915204,1,38.7612486933089
0.01,10,RatQuad,Prey,Yes,Auto,1,2.56179875155668,1.94263377197815,-0.0149016499354966,2.63388982138842,0.0633736370483569,1.41087430709628,1.01287184663563,0.832,24.3896671104284
0.01,10,RatQuad,Predator,Yes,Auto,1,2.85396822030261,2.51661684788026,-0.000177163457231178,2.47767994216273,-0.0218357196449574,1.65924115113286,0.998176809130317,1,38.7612545128442
0.01,10,Periodic,Prey,Yes,Auto,1,2.56225770576147,1.94530674499703,-0.0152653280765402,2.64105642982328,0.0705402454832189,1.41264648406816,1.01323479742039,0.832,24.3896664553532
0.01,10,Periodic,Predator,Yes,Auto,1,2.86189383827855,2.52970337976893,-0.00573996470035443,2.48552999598777,-0.0139856658199192,1.66661224110904,1.00372848477095,1,38.7612434573967
0.01,25,SqExp,Prey,Yes,Auto,1,0.209540320476417,0.157780478639175,0.993210009810413,0.0427382964285456,-2.31162171672116,0.125277519045324,0.00677641020920797,0.99,66.4908581133642
0.01,25,SqExp,Predator,Yes,Auto,1,0.194478802476964,0.129089472193121,0.995355668489705,-0.212995492999102,-2.68175660276434,0.1007657188354,0.00463504284727422,0.774,100.218239208101
0.01,25,Matern 1/2,Prey,Yes,Auto,1,0.427917361846039,0.312165273540699,0.971682575318182,1.23860471032476,-1.11575530282494,0.376753522853414,0.0282607898324543,0.998,66.606621259225
0.01,25,Matern 1/2,Predator,Yes,Auto,1,0.406747395366582,0.259170456667329,0.979684466587057,1.03741557874073,-1.43134553102451,0.316618702953538,0.020274902346117,1,97.9488691261552
0.01,25,Matern 3/2,Prey,Yes,Auto,1,0.0721381126689722,0.0478086035995441,0.999195245357398,0.472758619885155,-1.88160139326455,0.18277372095929,0.000803145133316481,0.996,66.3861835186029
0.01,25,Matern 3/2,Predator,Yes,Auto,1,0.202356287947883,0.121340169439138,0.994971805406303,0.0478352310608955,-2.42092587870434,0.12954727956971,0.00501813820450964,1,92.9087517960047
0.01,25,Matern 5/2,Prey,Yes,Auto,1,0.100950998236363,0.0733625602853649,0.998424003768425,0.238513672182785,-2.11584634096692,0.148848162448874,0.00157284423911177,1,60.2025003317347
0.01,25,Matern 5/2,Predator,Yes,Auto,1,0.192270179829114,0.121411356018996,0.995460557350723,-0.32585810845179,-2.79461921821702,0.103941652178037,0.00453036376397881,1,93.8694243199286
0.01,25,RatQuad,Prey,Yes,Auto,1,0.209537054780647,0.157778083226516,0.993210221453398,-0.0179623138137178,-2.37232232696342,0.125274157015961,0.00677619898950898,0.99,60.4138813442404
0.01,25,RatQuad,Predator,Yes,Auto,1,0.193389844327717,0.125827479910801,0.995407533507707,-0.11780136186816,-2.58656247163339,0.110607016932432,0.00458328155930823,0.992,64.4497821733219
0.01,25,Periodic,Prey,Yes,Auto,1,2.54309834142722,2.044568025154,-0.0001387368676109,2.35295738433046,-0.00140262881924231,1.41404843973451,0.998138459393876,0.91,66.5354601840997
0.01,25,Periodic,Predator,Yes,Auto,1,2.85634540001754,2.46929354600928,-0.00184402929330596,2.46849447102735,-0.000266638737885679,1.65408342745093,0.999840341234719,0.992,98.0921284257922
0.01,50,SqExp,Prey,Yes,Auto,1,0.0837184623822302,0.0570095078883324,0.998916131921877,-0.354494388168904,-2.70677153042186,0.0723399258550815,0.00108170034196689,1,68.1939867077671
0.01,50,SqExp,Predator,Yes,Auto,1,0.0288257047792245,0.022636204323841,0.99989796749772,-2.04564990922019,-4.51351775175326,0.0167326065934732,0.000101828437275587,0.996,76.8951562729607
0.01,50,Matern 1/2,Prey,Yes,Auto,1,0.14712098590979,0.0808797388891313,0.996652788211377,0.393163778912804,-1.95911336334015,0.156608779432718,0.00334051736504569,1,130.379259513023
0.01,50,Matern 1/2,Predator,Yes,Auto,1,0.101038309524942,0.0600706862869086,0.998746423588359,0.282514142618747,-2.18535369991433,0.135638091410538,0.00125106925881739,0.996,170.201974800543
0.01,50,Matern 3/2,Prey,Yes,Auto,1,0.0355593007171838,0.0269778966546951,0.99980445786037,11.5288737852403,9.17659664298733,0.0358157355442862,0.000195151055350708,0.968,73.0947054894068
0.01,50,Matern 3/2,Predator,Yes,Auto,1,0.0287192241575416,0.0222370397851849,0.999898719910745,-1.38240749810448,-3.85027534063756,0.0253489129424273,0.000101077529076948,0.976,162.404564990004
0.01,50,Matern 5/2,Prey,Yes,Auto,1,0.0310435320379964,0.0247656604455971,0.999850969144192,-1.72200617941099,-4.07428332166395,0.0212605334453107,0.000148732794096385,0.98,66.8338257210348
0.01,50,Matern 5/2,Predator,Yes,Auto,1,0.0279516160853419,0.021505840760691,0.999904061590574,-1.59745638716549,-4.06532422969856,0.0168702179745049,9.57465326070307e-05,0.896,173.283583712416
0.01,50,RatQuad,Prey,Yes,Auto,1,0.0295707250649334,0.0239090482028461,0.999864774721036,33.4303183346168,31.0780411923638,0.0186434394612394,0.000134954828406447,0.612,132.774563199412
0.01,50,RatQuad,Predator,Yes,Auto,1,0.0278735941623226,0.0217212950703881,0.999904596432798,-1.81491342732136,-4.28278126985443,0.0186073108846877,9.52127600671934e-05,1,195.135260279347
0.01,50,Periodic,Prey,Yes,Auto,1,2.5429765676662,2.04958710861952,-4.29578427585398e-05,2.35234263696061,6.5494707659207e-05,1.41371227062539,0.998042871927073,0.904,132.579796941602
0.01,50,Periodic,Predator,Yes,Auto,1,2.85435654958654,2.47906156821538,-0.000449363058400376,2.46778591723105,-8.19253020256934e-05,1.65581216668994,0.998448464332284,1,197.866576432785
0.01,5,SqExp,Prey,No,Auto,1,2.55515032133916,1.96660166888392,-0.00964070024727692,2.41233843969175,-0.0632480450734966,1.44339297298022,1.00762141884678,0.972,11.9082176060748
0.01,5,SqExp,Predator,No,Auto,1,2.91779354226451,2.41733187094542,-0.0454127347578228,2.85177955706215,0.34581703329301,1.97004608703412,1.04332190928831,1,15.5363382240135
0.01,5,Matern 1/2,Prey,No,Auto,1,2.55515031445082,1.96660166175867,-0.00964069480356944,3.57475104559149,1.09916456082624,3.45610148869637,1.00762141341396,1,17.8652418280354
0.01,5,Matern 1/2,Predator,No,Auto,1,2.91779344579024,2.41733178665408,-0.0454126656265261,2.59343902290872,0.087476499139578,1.71859140843261,1.04332184029527,1,15.7538920552994
0.01,5,Matern 3/2,Prey,No,Auto,1,2.55515031368297,1.96660166143046,-0.00964069419675684,3.28235334008616,0.806766855320908,2.65616242308554,1.00762141280836,1,16.3960518290295
0.01,5,Matern 3/2,Predator,No,Auto,1,2.91779349592143,2.41733183977124,-0.045412701549411,2.57546039861615,0.0694978748470106,1.70640864976804,1.04332187614631,1,15.8736333679614
0.01,5,Matern 5/2,Prey,No,Auto,1,2.55515032264358,1.9666016696087,-0.00964070127813343,2.3857647592597,-0.089821725505553,1.39541484464738,1.00762141987558,0.872,11.5765028513296
0.01,5,Matern 5/2,Predator,No,Auto,1,2.91779352986228,2.41733186440519,-0.0454127258706616,2.70274987674709,0.196787352977951,1.80813655232993,1.04332190041892,1,15.4415656508245
0.01,5,RatQuad,Prey,No,Auto,1,2.55515032240437,1.96660166963141,-0.00964070108909376,3.34517593249976,0.869589447734509,2.80674924300157,1.00762141968692,1,16.7121261942975
0.01,5,RatQuad,Predator,No,Auto,1,2.91779354171271,2.4173318691185,-0.0454127343624178,2.74019028272257,0.234227758953427,1.84454967053019,1.04332190889369,1,15.428161557486
0.01,5,Periodic,Prey,No,Auto,1,2.55515033291316,1.96660167934314,-0.00964070939396922,2.59587846975659,0.12029198499134,1.4158528882546,1.00762142797518,0.836,12.3866733916644
0.01,5,Periodic,Predator,No,Auto,1,2.91779356185562,2.41733187421615,-0.0454127487963745,2.49021474110872,-0.0157477826604193,1.66319491026305,1.04332192329878,0.944,17.9434188991534
0.01,10,SqExp,Prey,No,Auto,1,2.55106619099541,1.9823415032705,-0.00641567767316342,2.40069725258701,0.043760197524507,1.43666097039595,1.00440284631782,0.962,25.0412088956038
0.01,10,SqExp,Predator,No,Auto,1,1.44567109156514,1.10296454601524,0.743363950086925,1.55634953725519,-0.938903965127851,0.76050013013897,0.256122777813249,0.954,37.7967505781105
0.01,10,Matern 1/2,Prey,No,Auto,1,2.13472335881074,1.55167289973772,0.295279112678782,2.06446942495676,-0.292467630105746,1.11710497946415,0.703311445546576,0.924,25.5712320706312
0.01,10,Matern 1/2,Predator,No,Auto,1,1.70977150138545,1.34467782429253,0.641032759448704,1.99727924777258,-0.497974254610466,0.988957140692859,0.358249306070194,1,36.7029758319661
0.01,10,Matern 3/2,Prey,No,Auto,1,2.55106619043859,1.98234150366638,-0.00641567723382708,2.59645893342628,0.239521878363769,1.58960470282424,1.00440284587936,1,26.4707643577402
0.01,10,Matern 3/2,Predator,No,Auto,1,1.51024754836453,1.17236307891135,0.719924611252213,1.89492905440475,-0.600324447978294,0.869865317581896,0.279515237970292,1,38.1296984566599
0.01,10,Matern 5/2,Prey,No,Auto,1,2.55106619013916,1.98234150355178,-0.00641567699756829,2.41878192847198,0.0618448734094706,1.44883149774934,1.00440284564357,0.992,25.1316541616977
0.01,10,Matern 5/2,Predator,No,Auto,1,1.43135929745003,1.08500602982634,0.748420068050387,1.52687591544334,-0.968377586939699,0.766280201393513,0.251076772085714,1,38.0207579524579
0.01,10,RatQuad,Prey,No,Auto,1,2.55106619092123,1.98234150318285,-0.00641567761463735,2.6598798268158,0.302942771753292,1.6511630201587,1.00440284625941,1,27.0228214981412
0.01,10,RatQuad,Predator,No,Auto,1,2.85404909978288,2.4967378686774,-0.000233852914961696,2.66418447863315,0.168930976250108,1.76356411342427,0.998233385209132,1,32.6233201735461
0.01,10,Periodic,Prey,No,Auto,1,2.55106619883789,1.98234150722636,-0.00641568386100122,2.36420796633014,0.00727091126763432,1.39798695051191,1.00440285249328,0.882,25.6022431194185
0.01,10,Periodic,Predator,No,Auto,1,2.85404910188794,2.49673787066467,-0.000233854390441879,2.48166118063065,-0.0135923217523895,1.65621993411932,0.998233386681661,1,38.0372239533735
0.01,25,SqExp,Prey,No,Auto,1,1.02203229661618,0.551990246093961,0.838466285832198,0.69758643523851,-1.66306977322135,0.422239147135567,0.161210646739467,0.89,45.6387886978819
0.01,25,SqExp,Predator,No,Auto,1,1.04002486701113,0.521483934108688,0.867179192738107,0.96548375264643,-1.59501551690786,0.386283149376674,0.132555165647369,0.694,82.332212000825
0.01,25,Matern 1/2,Prey,No,Auto,1,1.15087433633484,0.660550026722068,0.795171798990761,1.220581336729,-1.14007487173086,0.538804071349347,0.204418544607221,0.966,53.4958179397955
0.01,25,Matern 1/2,Predator,No,Auto,1,1.18729927025301,0.684863575411769,0.826899201835782,1.17262312287558,-1.38787614667871,0.545888417136907,0.172754596567889,0.98,88.1907576487565
0.01,25,Matern 3/2,Prey,No,Auto,1,1.03619030405767,0.535751324823705,0.833959899529258,1.07813185183954,-1.28252435662032,0.467887492931293,0.165708020269801,0.948,62.8503740631416
0.01,25,Matern 3/2,Predator,No,Auto,1,1.0200512346635,0.529812008559127,0.872231840048693,0.224036426039865,-2.33646284351442,0.390591329980671,0.127512623631405,0.878,78.1787140711742
0.01,25,Matern 5/2,Prey,No,Auto,1,1.03260944732601,0.529180364917032,0.835105516240195,1.14953095655285,-1.21112525190701,0.477903336209602,0.164564694792285,0.954,62.8338624693784
0.01,25,Matern 5/2,Predator,No,Auto,1,0.995505507338925,0.498351632591207,0.878306886499515,0.00360747874767577,-2.55689179080661,0.375325747195914,0.121449727273484,0.804,45.6968639229174
0.01,25,RatQuad,Prey,No,Auto,1,0.990406397694443,0.529066241033776,0.848308651065852,0.491922602735296,-1.86873360572456,0.392167283739409,0.15138796623628,0.738,43.9885606550273
0.01,25,RatQuad,Predator,No,Auto,1,1.00258473429365,0.492264280099215,0.876569967350547,0.154153124654162,-2.40634614490013,0.367226787837324,0.123183172584154,0.78,80.697072209679
0.01,25,Periodic,Prey,No,Auto,1,2.55347715184071,1.9726230108037,-0.00831886261271397,2.36391829139975,0.00326208293988651,1.39654341002109,1.00630222488749,0.882,63.8542034855861
0.01,25,Periodic,Predator,No,Auto,1,2.98292476264042,2.40770457057106,-0.0926052110871045,2.57151104642039,0.0110117768660983,1.70611399358625,1.09042000066493,0.834,94.5330394578795
0.01,50,SqExp,Prey,No,Auto,1,0.0389792834856634,0.018374371846444,0.999765035829243,-1.69336305647894,-4.04607806078929,0.0143907134412885,0.000234494242415923,0.758,64.2564333687606
0.01,50,SqExp,Predator,No,Auto,1,0.0264787912294071,0.0116467666717314,0.99991390558497,4.63973961672069,2.17095875600049,0.0100756714692086,8.59222262002136e-05,0.552,231.740506155277
0.01,50,Matern 1/2,Prey,No,Auto,1,0.142267672471412,0.0734988745450582,0.996869985192998,0.37971490431091,-1.97300009999944,0.15637103164931,0.00312375477738851,1,129.278184784158
0.01,50,Matern 1/2,Predator,No,Auto,1,0.193935375265541,0.0782289230444065,0.99538158730364,0.284248035517716,-2.18453282520249,0.145419450433821,0.00460917587096742,1,89.3281202868229
0.01,50,Matern 3/2,Prey,No,Auto,1,0.0550648368500636,0.0209888684914174,0.999531097387084,-1.30508050549927,-3.65779550980962,0.0356860917780603,0.000467964807690512,1,128.223517595882
0.01,50,Matern 3/2,Predator,No,Auto,1,0.0691634957845662,0.0205989517841808,0.999412601895509,-1.33113786207516,-3.79991872279536,0.0317592010461729,0.000586223308282312,1,159.415235675719
0.01,50,Matern 5/2,Prey,No,Auto,1,0.0519329020971903,0.02028841919985,0.999582920231369,-1.73403094203761,-4.08674594634796,0.022542310548146,0.000416245609093926,1,128.552039093995
0.01,50,Matern 5/2,Predator,No,Auto,1,0.0462670021231107,0.0154800385730701,0.999737141885023,-2.49290509319935,-4.96168595391955,0.0144478274565477,0.000262332398746659,0.986,167.85134112918
0.01,50,RatQuad,Prey,No,Auto,1,0.0412804517087686,0.0186715870025633,0.999736474393835,-1.6328491199603,-3.98556412427065,0.0143152649113869,0.000262998554952671,0.768,131.746659254104
0.01,50,RatQuad,Predator,No,Auto,1,0.0287723872734372,0.0117508453921379,0.999898344597771,-2.66737014116218,-5.13615100188239,0.0094700208439453,0.000101452091424817,0.83,48.3014929619295
0.01,50,Periodic,Prey,No,Auto,1,2.54407875829606,2.0272549678261,-0.000910033741589267,2.35287508286152,0.000160078551165029,1.40855139128435,0.998908213674106,0.902,131.572318710127
0.01,50,Periodic,Predator,No,Auto,1,2.85714925650538,2.46665742567966,-0.00240800320578827,2.46897032932948,0.000189468609273576,1.65456046873209,1.00040318719938,0.968,196.66786957872
0.05,5,SqExp,Prey,No,Auto,1,2.55507951641261,1.96684549993784,-0.0095847453826694,3.80851738545856,1.2864713659905,4.30543347037344,1.0075655758919,1,19.0352684465822
0.05,5,SqExp,Predator,No,Auto,1,2.90731838890651,2.42081770333667,-0.0379199486822779,2.54117719824192,0.0412906329481426,1.68299849875628,1.03584410878491,1,16.2241692540508
0.05,5,Matern 1/2,Prey,No,Auto,1,2.55507949949517,1.96684548391903,-0.0095847320135507,3.01232240410362,0.490276384635565,2.12134798981885,1.00756556254952,1,15.0222414226386
0.05,5,Matern 1/2,Predator,No,Auto,1,2.90731835401133,2.42081765982546,-0.0379199237669465,3.03840988935876,0.538523324064983,2.23655081522804,1.03584408391941,1,16.0128750284014
0.05,5,Matern 3/2,Prey,No,Auto,1,2.55507951326988,1.96684549730986,-0.00958474289911093,2.47864664322097,-0.0433993762470895,1.4909844522966,1.00756557341331,1,12.2318337357378
0.05,5,Matern 3/2,Predator,No,Auto,1,2.90731839923716,2.42081770061282,-0.0379199560584136,3.25978752912226,0.759900963828483,2.65967543168697,1.0358441161463,1,16.7979127619618
0.05,5,Matern 5/2,Prey,No,Auto,1,2.55507951610381,1.96684549988507,-0.0095847451386375,2.49227050488661,-0.0297755145814493,1.50139759304047,1.00756557564836,1,12.3076638643591
0.05,5,Matern 5/2,Predator,No,Auto,1,2.90731840731863,2.42081770740413,-0.037919961828623,2.96386023196473,0.463973666670953,2.12014147973515,1.03584412190497,1,15.7981925923802
0.05,5,RatQuad,Prey,No,Auto,1,2.55507951598307,1.96684549992469,-0.00958474504322893,2.99587719689889,0.473831177430831,2.09411559436666,1.00756557555314,1,14.9385282749984
0.05,5,RatQuad,Predator,No,Auto,1,2.90731841007394,2.42081770902609,-0.0379199637959273,3.65968512039768,1.1597985551039,3.77637718186948,1.03584412386834,1,18.5120011866636
0.05,5,Periodic,Prey,No,Auto,1,2.55507952368856,1.96684550736026,-0.0095847511325462,2.66620833028202,0.144162310813961,1.4229317049566,1.00756558163028,0.832,12.4225737301712
0.05,5,Periodic,Predator,No,Auto,1,2.90731842548067,2.42081771496614,-0.0379199747964132,2.48627512756738,-0.0136114377263969,1.66002930282359,1.03584413484682,0.942,18.1639359438155
0.05,10,SqExp,Prey,No,Auto,1,2.56056356890566,1.94988452873106,-0.013923207192484,3.94140872875856,1.55967759367679,4.89048470684322,1.0118953607781,1,39.4230940877757
0.05,10,SqExp,Predator,No,Auto,1,2.6375029870176,1.76827021721161,0.145790122588493,2.55005372795304,0.0711540610069876,1.39629729468611,0.852501457656684,0.718,43.2242945679721
0.05,10,Matern 1/2,Prey,No,Auto,1,2.56056356595881,1.94988452501158,-0.0139232048587175,3.01729262065431,0.635561485572546,2.13037222799887,1.011895358449,1,30.2357637729851
0.05,10,Matern 1/2,Predator,No,Auto,1,2.69481796929325,1.96656293402836,0.108261457803216,2.37253677549913,-0.106362891446925,1.4198726472646,0.88995506511239,0.806,43.5475989518332
0.05,10,Matern 3/2,Prey,No,Auto,1,1.74783641372043,1.30799995620607,0.527572135266126,2.22315271127894,-0.158578423802823,0.935110768833878,0.471483009004406,0.806,22.9703670906874
0.05,10,Matern 3/2,Predator,No,Auto,1,2.64358135983621,1.75850121829274,0.14184837231286,5.36551170968866,2.88661204274261,1.36455998748605,0.856435324431766,0.666,27.3454991449854
0.05,10,Matern 5/2,Prey,No,Auto,1,1.72502122337661,1.30550189434077,0.539825208133766,3.60450177385936,1.22277063877759,0.93475338825492,0.459254442282502,0.758,22.905766852495
0.05,10,Matern 5/2,Predator,No,Auto,1,2.54158971914702,1.64169526009684,0.206787482992202,5.04520728851042,2.56630762156437,1.30267937520969,0.791626091973782,0.612,27.4363760908556
0.05,10,RatQuad,Prey,No,Auto,1,1.72394473681574,1.32889320775217,0.54039936618562,10.0017649705351,7.62003383545334,0.956922570154065,0.458681432546751,0.722,24.697749928907
0.05,10,RatQuad,Predator,No,Auto,1,2.41221928655858,1.51626721245087,0.285483537163401,13.3946316194639,10.9157319525178,1.25079348775482,0.713087429910925,0.552,43.9174731438919
0.05,10,Periodic,Prey,No,Auto,1,2.56056359399859,1.94988454496466,-0.0139232270649101,2.40300886923172,0.0212777341499478,1.39327620866879,1.01189538061078,0.866,24.8740910602868
0.05,10,Periodic,Predator,No,Auto,1,2.877368398364,2.56297468580267,-0.0166456522060847,2.47582991002169,-0.00306975692436515,1.68677064247278,1.01461236090167,1,41.9619404703859
0.05,25,SqExp,Prey,No,Auto,1,0.780474791272468,0.458278833239027,0.905799827146279,502.252675395264,499.853461828606,0.362263748395755,0.0940117725080139,0.496,45.1624846549868
0.05,25,SqExp,Predator,No,Auto,1,0.31054806356893,0.225921721606758,0.988157692885967,315.311919036288,312.835719228288,0.18771575787251,0.0118186224998045,0.654,61.839285017827
0.05,25,Matern 1/2,Prey,No,Auto,1,1.30930191877664,0.703469484040501,0.734897668117261,1.59788965059476,-0.801323916063126,0.594870161367085,0.264572127218973,0.9,61.811775095381
0.05,25,Matern 1/2,Predator,No,Auto,1,0.688042934160139,0.438144808021123,0.941868738568334,1.13916480500478,-1.33703500299502,0.396067864026968,0.0580149989088026,1,63.166866795281
0.05,25,Matern 3/2,Prey,No,Auto,1,1.07620226488564,0.593583380292953,0.82088921281979,63.0636063431802,60.6643927765224,0.468491837939867,0.178752565605849,0.768,61.2586044243005
0.05,25,Matern 3/2,Predator,No,Auto,1,0.252386379046243,0.194899234670727,0.992178131786415,0.527492971078297,-1.9487068369215,0.183604334465953,0.00780622447715763,0.94,88.9460362872584
0.05,25,Matern 5/2,Prey,No,Auto,1,0.967475227579969,0.543349645291059,0.855251641803786,1.93824596945767,-0.460967597200216,0.422500495157467,0.144458861479821,0.726,61.3897905567026
0.05,25,Matern 5/2,Predator,No,Auto,1,0.242148529283252,0.183307903573915,0.992799836806056,0.315678262440685,-2.16052154555912,0.166582636425387,0.00718576286755566,0.902,89.7811426397889
0.05,25,RatQuad,Prey,No,Auto,1,0.780785683054777,0.458474559409841,0.90572476542022,10.2153483240719,7.81613475741399,0.36172182374626,0.0940866841106203,0.506,61.6850519983689
0.05,25,RatQuad,Predator,No,Auto,1,0.270714506730307,0.202309248469288,0.991000845118771,265.195452863102,262.719253055102,0.177779459085154,0.00898115657146666,0.692,95.1163474568142
0.05,25,Periodic,Prey,No,Auto,1,2.5508614695942,1.98322916969794,-0.00625415574842259,2.40961853897567,0.0104049723177817,1.4009873786743,1.00424164743693,0.866,63.0035676078215
0.05,25,Periodic,Predator,No,Auto,1,2.87206531128075,2.44257920677099,-0.012901681013594,2.47471602330789,-0.00148378469191013,1.65116155210346,1.01087587765157,0.992,93.6780828867443
0.05,50,SqExp,Prey,No,Auto,1,0.114110812614495,0.0917627046735296,0.99798633354469,-0.670629750579577,-3.02290382618273,0.0662539221289499,0.00200963912239906,0.986,74.132927491457
0.05,50,SqExp,Predator,No,Auto,1,0.138790445075282,0.10241547714087,0.997634636964705,-0.286495739860443,-2.75527317168546,0.0875762980297205,0.00236063230922449,1,201.620026308936
0.05,50,Matern 1/2,Prey,No,Auto,1,0.217645737643564,0.143800850259228,0.992674550614514,0.449028845318312,-1.90324523028484,0.170589867837544,0.00731079848671507,0.998,90.6311851801555
0.05,50,Matern 1/2,Predator,No,Auto,1,0.146239541497239,0.107892112299631,0.997373917883557,3.46368681322427,0.994909381399251,0.148062479707078,0.00262082995221004,0.992,91.3546638082839
0.05,50,Matern 3/2,Prey,No,Auto,1,0.117910662323125,0.0977002465727409,0.997849991895725,1.41760645425138,-0.934667621351774,0.0739428733639833,0.00214570808806691,0.852,129.690965326983
0.05,50,Matern 3/2,Predator,No,Auto,1,0.131462733414418,0.105631804412628,0.997877811363592,0.233847582899642,-2.23492984892537,0.0764419967277112,0.00211794425913488,0.83,65.1697896398805
0.05,50,Matern 5/2,Prey,No,Auto,1,0.117217698837217,0.0967736116923505,0.99787518892306,22.4983706159261,20.146096540323,0.0753733708909333,0.00212056145478635,0.664,70.0059693620715
0.05,50,Matern 5/2,Predator,No,Auto,1,0.13501809966184,0.106866683266634,0.997761471381878,-0.517059279070891,-2.98583671089591,0.0762714428976357,0.0022340515608853,0.83,175.891725069991
0.05,50,RatQuad,Prey,No,Auto,1,0.119532600947342,0.0989368418559579,0.997790435527341,28.5591672618973,26.2068931862941,0.0844424987780682,0.00220514534371326,0.39,133.073830285244
0.05,50,RatQuad,Predator,No,Auto,1,0.132331126024627,0.102108925943364,0.997849682028309,-0.6452897849335,-3.11406721675852,0.072369393294892,0.00214601733574803,0.968,189.394803074406
0.05,50,Periodic,Prey,No,Auto,1,2.54292621588409,2.0541503356263,-3.35586825350731e-06,2.35228564535446,1.15697513124982e-05,1.41488785908754,0.998003349156517,0.904,132.817090969609
0.05,50,Periodic,Predator,No,Auto,1,2.85708517751607,2.46684657668742,-0.00236304050649827,2.46900473777395,0.000227305948930463,1.6547565646178,1.00035831442549,0.968,196.890471872911
0.1,5,SqExp,Prey,No,Auto,1,2.55500891102793,1.96708932789885,-0.00952894975363616,2.36206647428694,-0.216956488403896,1.40737137153245,1.00750989185413,0.912,11.4245172068988
0.1,5,SqExp,Predator,No,Auto,1,2.89775413412721,2.42492909818662,-0.03110225546306,3.47103439605265,0.976135967850678,3.18491519792755,1.02904005095213,1,17.677340613943
0.1,5,Matern 1/2,Prey,No,Auto,1,2.55500889777797,1.96708931477311,-0.00952893928304821,2.98698191469808,0.407958952007243,2.0796122281983,1.00750988140448,1,14.8825239700709
0.1,5,Matern 1/2,Predator,No,Auto,1,2.89775412111932,2.42492907452971,-0.0311022462059132,2.99390401395609,0.499005585754125,2.1637851191552,1.0290400417135,1,15.8947467277755
0.1,5,Matern 3/2,Prey,No,Auto,1,2.55500890671368,1.96708932332572,-0.00952894634436263,2.91479821073428,0.335775248043447,1.96793547019548,1.00750988845167,1,14.5121778440734
0.1,5,Matern 3/2,Predator,No,Auto,1,2.89775409713457,2.42492907529521,-0.0311022291370222,2.53911631741415,0.0442178892121785,1.67969947484725,1.02904002467875,1,16.2738689445032
0.1,5,Matern 5/2,Prey,No,Auto,1,2.55500891274715,1.96708932917725,-0.00952895111221874,2.46577690655832,-0.113246056132514,1.48137357383976,1.00750989320999,1,12.1160748060574
0.1,5,Matern 5/2,Predator,No,Auto,1,2.89775411774293,2.42492909186237,-0.0311022438030895,2.55599664832192,0.0610982201199457,1.68948514527096,1.02904003931548,1,16.0853642183961
0.1,5,RatQuad,Prey,No,Auto,1,2.55500891424021,1.9670893308754,-0.00952895229209116,2.75092524959018,0.171902286899345,1.75130880410072,1.00750989438751,1,13.6628929074231
0.1,5,RatQuad,Predator,No,Auto,1,2.89775414322389,2.42492909780278,-0.0311022619367698,3.63634446774591,1.14144603954394,3.69548614712022,1.0290400574129,1,18.4095765521739
0.1,5,Periodic,Prey,No,Auto,1,2.55500891861023,1.96708933537739,-0.00952895574543544,2.74982163561081,0.170798672919976,1.43096806903711,1.00750989783394,0.826,12.4885491694456
0.1,5,Periodic,Predator,No,Auto,1,2.89775415855786,2.42492910076061,-0.03110227284928,2.48287955475838,-0.0120188734435918,1.65752334816411,1.02904006830358,0.94,18.3761286257132
0.1,10,SqExp,Prey,No,Auto,1,2.05973104349264,1.22143176628612,0.343922765370264,3.0598574763541,0.518186056354218,0.990661386363504,0.654765080160477,0.67,22.1669517773305
0.1,10,SqExp,Predator,No,Auto,1,1.45445286878549,1.00833840376361,0.740236591753855,1.88029465082105,-0.59536876794044,0.737655923586773,0.259243881429653,0.896,32.8556279289683
0.1,10,Matern 1/2,Prey,No,Auto,1,2.16304989697048,1.277488212933,0.276452554096108,8.03748378183475,5.49581236183487,1.02703513777085,0.722100351012085,0.848,21.5701584262988
0.1,10,Matern 1/2,Predator,No,Auto,1,1.91389074180846,1.41934505675228,0.550206731235274,1.96820626488204,-0.507457153879448,1.01867885862302,0.448893682227197,0.996,34.7384735167249
0.1,10,Matern 3/2,Prey,No,Auto,1,2.09815946071352,1.20310699994247,0.319213519852953,2.60070210888423,0.0590306888843455,0.986212409330267,0.679424907186753,0.742,22.0953112206785
0.1,10,Matern 3/2,Predator,No,Auto,1,1.70011832945851,1.22594893548745,0.645074691958465,1.73865808447549,-0.737005334285999,0.874734376441273,0.354215457425452,0.986,41.3652333437102
0.1,10,Matern 5/2,Prey,No,Auto,1,2.08320209159966,1.20621553125365,0.328885310157823,5.99802871101403,3.45635729101415,0.9846479319405,0.669772460462493,0.724,22.1014361080329
0.1,10,Matern 5/2,Predator,No,Auto,1,1.58265324668738,1.12127968848396,0.692425579318451,69.1960568140164,66.7203933952549,0.79992398930486,0.306959271840186,0.92,32.86345557732
0.1,10,RatQuad,Prey,No,Auto,1,2.05958352057267,1.22099659767989,0.344016741682024,2.88550959685715,0.343838176857264,0.9894829832034,0.65467129180134,0.684,22.1659978243255
0.1,10,RatQuad,Predator,No,Auto,1,1.48233130485489,1.03352069766525,0.730183049519673,1.55250028846697,-0.92316313029452,0.752951321197717,0.269277316579366,0.958,32.8371306036787
0.1,10,Periodic,Prey,No,Auto,1,2.6573614111917,1.81725282353654,-0.0920315541264423,2.59830380868556,0.0566323886856759,1.39635224151702,1.08984749101819,0.826,22.3685039047395
0.1,10,Periodic,Predator,No,Auto,1,2.86036110208097,2.52540826614265,-0.0046629706964707,2.47051592999261,-0.00514748876888577,1.668360194501,1.00265364475508,1,40.5335078260803
0.1,25,SqExp,Prey,No,Auto,1,0.421099054688607,0.316016656356116,0.97257778874818,2.15854972149152,-0.201078420602201,0.275868249481413,0.027367366829316,0.848,58.7331117019269
0.1,25,SqExp,Predator,No,Auto,1,0.454315648692177,0.314783243146027,0.974654896973618,0.850404432749038,-1.63211690918312,0.279614175140692,0.0252944128203289,1,92.1125267000018
0.1,25,Matern 1/2,Prey,No,Auto,1,0.669973218255708,0.463184911481737,0.930585719884441,1.92240605315433,-0.437222088939388,0.433743024961087,0.0692754515553275,0.996,59.4795270055103
0.1,25,Matern 1/2,Predator,No,Auto,1,0.913515587802411,0.572177680388416,0.897526730410575,1.17540816350869,-1.30711317842348,0.461739837072969,0.102268323050247,0.996,63.3656387961092
0.1,25,Matern 3/2,Prey,No,Auto,1,0.459139165308187,0.335850016712249,0.967399623185521,54.1380590761617,51.778430934068,0.286325775272616,0.0325351760608497,0.932,67.0409126281444
0.1,25,Matern 3/2,Predator,No,Auto,1,0.445010044404232,0.30678147528691,0.975682535198704,187.142976176269,184.660454834337,0.241487668457593,0.0242688298716939,0.906,57.3619187368615
0.1,25,Matern 5/2,Prey,No,Auto,1,0.462656077069644,0.32669644272692,0.966898286051945,4957.10880813943,4954.74917999733,0.273468126005419,0.0330355105201587,0.9,57.3236674925118
0.1,25,Matern 5/2,Predator,No,Auto,1,0.403197123218908,0.276294193916226,0.980037564852897,16.7128440175815,14.2303226756494,0.229863400587833,0.0199225102768088,0.804,88.9497893121357
0.1,25,RatQuad,Prey,No,Auto,1,0.441883111690293,0.313589572015957,0.96980404660494,5.47680185429039,3.11717371219667,0.271236104576442,0.0301355614882703,0.848,57.8685013614358
0.1,25,RatQuad,Predator,No,Auto,1,0.436886537362963,0.304799378027163,0.976562245928709,10.910068694685,8.4275473527528,0.255274803065489,0.0233908785631482,0.724,92.0797745943665
0.1,25,Periodic,Prey,No,Auto,1,2.5430134746288,2.06411913374033,-7.19858852047395e-05,2.35668173323012,-0.00294640886360248,1.42122468589343,0.998071841913434,0.922,67.3641631490383
0.1,25,Periodic,Predator,No,Auto,1,2.88699838875872,2.43072694767132,-0.0234620688751606,2.48545524661044,0.00293390467827806,1.66086839949143,1.02141514473741,0.906,96.2365787797097
0.1,50,SqExp,Prey,No,Auto,1,0.240792289966286,0.187894892249757,0.991033579688106,343.219177006026,340.866917558882,0.172260021898922,0.00894848747127028,0.196,140.820528187353
0.1,50,SqExp,Predator,No,Auto,1,0.252139434657657,0.197937479146378,0.992193430722214,0.119033869813146,-2.34930848800586,0.146822083678689,0.0077909561392307,1,213.886562256771
0.1,50,Matern 1/2,Prey,No,Auto,1,0.253712413030058,0.19605809713639,0.990045547676127,0.633466269072253,-1.71879317807249,0.188626409477069,0.00993454341922487,0.99,130.950266404224
0.1,50,Matern 1/2,Predator,No,Auto,1,0.300647028679872,0.246509901689669,0.988900778952193,0.55208534707023,-1.91625701074877,0.199923078840017,0.0110770226057113,0.978,177.471618235016
0.1,50,Matern 3/2,Prey,No,Auto,1,0.217228995221861,0.171011104547822,0.992702576918308,68.170465719424,65.8182062722793,0.133087257726852,0.00728282823552849,0.732,75.5862638477639
0.1,50,Matern 3/2,Predator,No,Auto,1,0.294569871741275,0.239892043140306,0.989344954221637,198.077975225681,195.609632867862,0.191136000049017,0.0106337356868065,0.592,190.433887907817
0.1,50,Matern 5/2,Prey,No,Auto,1,0.206682630221041,0.16548034964212,0.993393949359198,-0.0400077764585351,-2.39226722360328,0.122153614265069,0.00659283853952017,1,130.804852488241
0.1,50,Matern 5/2,Predator,No,Auto,1,0.263323130221626,0.214074238365135,0.99148554828818,0.357371092960384,-2.11097126485862,0.16840837014971,0.00849742280839656,1,79.9324381189956
0.1,50,RatQuad,Prey,No,Auto,1,0.204864756403036,0.167771438376124,0.99350964514021,-0.107745602033469,-2.46000504917821,0.118560682535101,0.00647737415007038,0.998,133.574570909963
0.1,50,RatQuad,Predator,No,Auto,1,0.292131401738276,0.238469588398381,0.989520630497775,0.59731710719273,-1.87102525062627,0.176085790967314,0.0104584107632202,0.736,145.362826329525
0.1,50,Periodic,Prey,No,Auto,1,2.54292993924927,2.05834291611851,-6.28429014937204e-06,2.35232152181847,6.20746737227837e-05,1.41585186111148,0.998006271721569,0.904,132.942941318127
0.1,50,Periodic,Predator,No,Auto,1,2.85402662592109,2.49647465390432,-0.000218100537847876,2.46898372229901,0.000641364480011435,1.66437807241526,0.998217664336772,0.984,204.883592849938
0.2,5,SqExp,Prey,No,Auto,1,2.55515032218503,1.9666016690987,-0.00964070091574887,3.0899088369286,0.614322352163348,2.25766061901363,1.00762141951392,1,15.4257063895368
0.2,5,SqExp,Predator,No,Auto,1,2.91779352885044,2.41733186874102,-0.0454127251456038,2.59926714999611,0.0933046262269685,1.72270556040884,1.04332189969531,1,15.7211704495539
0.2,5,Matern 1/2,Prey,No,Auto,1,2.55515030206274,1.96660164989584,-0.00964068501353177,2.4225377133664,-0.0530487713988471,1.45043529552419,1.0076214036435,0.992,11.9665895932846
0.2,5,Matern 1/2,Predator,No,Auto,1,2.91779344208879,2.41733178366733,-0.0454126629741465,2.58723322238539,0.0812706986162465,1.71429833104485,1.0433218376482,1,15.7918117515829
0.2,5,Matern 3/2,Prey,No,Auto,1,2.55515031288128,1.96660166068393,-0.00964069356319652,3.26202615286252,0.786439668097265,2.60970653990443,1.00762141217607,1,16.2937191824904
0.2,5,Matern 3/2,Predator,No,Auto,1,2.91779353630248,2.41733186275693,-0.045412730485564,2.92594601663995,0.419983492870813,2.06771455738198,1.04332190502459,1,15.6901467547806
0.2,5,Matern 5/2,Prey,No,Auto,1,2.55515032442519,1.96660167135821,-0.00964070268610229,2.56096679553609,0.085380310770836,1.55779820205839,1.00762142128073,1,12.7164551586777
0.2,5,Matern 5/2,Predator,No,Auto,1,2.91779353024483,2.41733186454154,-0.0454127261447861,2.70790241129632,0.201939887527177,1.81297762328452,1.0433219006925,1,15.4377394677282
0.2,5,RatQuad,Prey,No,Auto,1,2.55515032524961,1.96660167226693,-0.00964070333762668,3.15274966499,0.677163180224751,2.37794322649486,1.00762142193095,1,15.742976487291
0.2,5,RatQuad,Predator,No,Auto,1,2.91779354151964,2.41733186906283,-0.0454127342240644,2.73537418737329,0.229411663604148,1.83970538597481,1.04332190875562,1,15.4281311173986
0.2,5,Periodic,Prey,No,Auto,1,2.55515033291316,1.96660167934314,-0.00964070939396922,2.59587846975659,0.12029198499134,1.4158528882546,1.00762142797518,0.836,12.3866733916644
0.2,5,Periodic,Predator,No,Auto,1,2.91779356185562,2.41733187421615,-0.0454127487963745,2.49021474110872,-0.0157477826604193,1.66319491026305,1.04332192329878,0.944,17.9434188991534
0.2,10,SqExp,Prey,No,Auto,1,1.90292016879827,1.18884361085877,0.440016697401763,1.55403548522324,-0.875499430294233,0.885493872990068,0.558863335993041,0.9,23.0920708284675
0.2,10,SqExp,Predator,No,Auto,1,2.11564940365133,1.32897989609314,0.450375519080755,1.61726618751726,-0.904326809015201,0.964229112410056,0.548525231957407,0.928,35.7927140027094
0.2,10,Matern 1/2,Prey,No,Auto,1,1.96277606828428,1.29104223988746,0.404234366686336,1.87753445870073,-0.552000456816745,0.970295272569654,0.594574102047036,0.934,24.4350717892417
0.2,10,Matern 1/2,Predator,No,Auto,1,2.29588346635025,1.49051792699875,0.352740624770268,1.98058942667171,-0.541003569860752,1.13636853515891,0.645964856479273,0.902,37.2796892452888
0.2,10,Matern 3/2,Prey,No,Auto,1,1.90784173009168,1.15063071402279,0.437116359140961,1.57674841227792,-0.852786503239548,0.885139424373953,0.561757873577321,0.924,31.9298743636611
0.2,10,Matern 3/2,Predator,No,Auto,1,2.20824627970895,1.36430155779794,0.401211179288939,1.55953031991319,-0.962062676619266,1.0051579995751,0.597591243069638,0.912,35.7303595589147
0.2,10,Matern 5/2,Prey,No,Auto,1,1.89511058828433,1.14278762544487,0.444603606391974,1.51661808742091,-0.912916828096566,0.874013045789804,0.55428560082081,0.924,22.9103540549128
0.2,10,Matern 5/2,Predator,No,Auto,1,2.15123769028754,1.30783786363669,0.431729037366307,1.45934570416857,-1.06224729236389,0.967378748078412,0.567134420708426,0.924,28.8480805824711
0.2,10,RatQuad,Prey,No,Auto,1,1.90286906962949,1.18874432163275,0.440046771492694,1.53759548887112,-0.891939426646348,0.885355177314426,0.558833322050292,0.912,23.0916640137118
0.2,10,RatQuad,Predator,No,Auto,1,2.13563684899122,1.35335436693449,0.439941387572551,1.74001630068039,-0.78157669585207,0.99572562685997,0.558938495202594,0.922,36.0493923393227
0.2,10,Periodic,Prey,No,Auto,1,2.70359178124557,2.458589554725,-0.130358421539688,2.41950939934708,-0.0100255161703929,1.57702311236256,1.12809770469661,1,29.8811845002849
0.2,10,Periodic,Predator,No,Auto,1,2.95036473793441,2.41045359066436,-0.0688827942063948,2.54203498828259,0.020441991750137,1.6906592000929,1.06674502861798,0.85,38.1742045438595
0.2,25,SqExp,Prey,No,Auto,1,0.654478364596423,0.373504841883653,0.933759358741073,0.734820921264597,-1.62462183755221,0.310768324417818,0.066108159976409,0.934,45.5163173290754
0.2,25,SqExp,Predator,No,Auto,1,1.25036871764238,0.567666385140572,0.808020494736396,11.0543147744508,8.56202202889277,0.436627902490127,0.191595546253077,0.42,47.4548290373598
0.2,25,Matern 1/2,Prey,No,Auto,1,1.09523871132756,0.556677359864661,0.814496755318057,1.17096940011645,-1.18847335870036,0.493499624373511,0.185132238192579,0.938,64.071297627522
0.2,25,Matern 1/2,Predator,No,Auto,1,1.54833613882285,0.743727614141797,0.705619411133804,1.23359421580267,-1.25869852975537,0.625150232274707,0.293791827688463,0.926,98.7390353464654
0.2,25,Matern 3/2,Prey,No,Auto,1,0.744997216912451,0.377837297373741,0.914169184295948,0.276499975994884,-2.08294278282192,0.310657210755734,0.085659154072644,0.94,63.0382865550223
0.2,25,Matern 3/2,Predator,No,Auto,1,1.22926277666701,0.513077795041901,0.814446935839681,0.0556551378423629,-2.43663760771568,0.401028572404204,0.185181958031998,0.91,47.8022520805294
0.2,25,Matern 5/2,Prey,No,Auto,1,0.662382001227685,0.355154833045475,0.932149822976635,0.0111731184578327,-2.34826964035898,0.277061477404382,0.0677144766693182,0.904,62.7240504909754
0.2,25,Matern 5/2,Predator,No,Auto,1,1.19053163630121,0.511314676749618,0.825955401401815,0.501857009869093,-1.99043573568895,0.406897361354118,0.173696509400989,0.91,47.9703809848693
0.2,25,RatQuad,Prey,No,Auto,1,0.734590880148535,0.418003821981893,0.916550256933206,0.960850317046164,-1.39859244177064,0.365003790035701,0.0832828435806599,0.944,46.6250167616093
0.2,25,RatQuad,Predator,No,Auto,1,1.19086182799513,0.548275465194393,0.825858846134559,0.299760467713406,-2.19253227784463,0.408130810089129,0.17379287155771,0.824,49.9279449811555
0.2,25,Periodic,Prey,No,Auto,1,2.55598700964908,1.96377202195574,-0.0103020256278021,2.36181669232095,0.00237393350414627,1.3959185457342,1.00828142157655,0.886,63.8792239220502
0.2,25,Periodic,Predator,No,Auto,1,2.87840359742815,2.4367627093524,-0.0173773068293328,2.49846189659844,0.00616915104040027,1.66867135150155,1.01534255221567,0.884,100.920027564925
0.2,50,SqExp,Prey,No,Auto,1,0.0558089076716283,0.0349443201205538,0.999518339553626,-0.7858061279836,-3.13813090155298,0.0472804071380759,0.000480697125481623,1,135.063905073425
0.2,50,SqExp,Predator,No,Auto,1,0.0135161904493319,0.00899144270950889,0.999977567004266,-2.86521341152248,-5.33313674756576,0.00661646993376215,2.238812974303e-05,0.87,248.786684325635
0.2,50,Matern 1/2,Prey,No,Auto,1,0.142060443749036,0.0745591167053922,0.996879096982879,0.380823712628491,-1.97150106094089,0.156663767134672,0.00311466121108629,1,130.903601029003
0.2,50,Matern 1/2,Predator,No,Auto,1,0.09699816056071,0.0549842944243086,0.998844671023972,0.265426915330932,-2.20249642071235,0.135640748438788,0.00115301831807552,1,170.062308686454
0.2,50,Matern 3/2,Prey,No,Auto,1,0.0295713548920825,0.0143717402578466,0.999864768960645,-1.29319556780725,-3.64552034137664,0.0341578827031863,0.000134960577275969,1,129.613344220816
0.2,50,Matern 3/2,Predator,No,Auto,1,0.0157412543880024,0.00736404378802627,0.999969573125477,-1.69703231016878,-4.16495564621206,0.0217114748896913,3.0366020774217e-05,1,60.6112368056786
0.2,50,Matern 5/2,Prey,No,Auto,1,0.0247722633700704,0.0130945911323494,0.999905100195782,-1.40326566786793,-3.75559044143732,0.0253205878932283,9.47100046099241e-05,1,66.1919638578193
0.2,50,Matern 5/2,Predator,No,Auto,1,0.0120179523727221,0.006350098738415,0.999982264655624,-2.26902145873676,-4.73694479478004,0.0112344097065714,1.76998736867455e-05,1,172.261173185213
0.2,50,RatQuad,Prey,No,Auto,1,0.0216615097992711,0.0141751540487924,0.999927437642162,-1.68961603350279,-4.04194080707218,0.0111652353879335,7.24172331218926e-05,0.826,62.0323587297472
0.2,50,RatQuad,Predator,No,Auto,1,0.0109368247441665,0.00710738565391412,0.999985312050374,-2.97519985854459,-5.44312319458788,0.00637984059254486,1.46585737267381e-05,0.972,193.532375291273
0.2,50,Periodic,Prey,No,Auto,1,2.54299155506877,2.06307028350767,-5.47456749799835e-05,2.35229109826903,-3.36753003578352e-05,1.4171788276381,0.99805463618363,0.908,133.226192178113
0.2,50,Periodic,Predator,No,Auto,1,2.8538241802707,2.48496705336836,-7.62079427170104e-05,2.46766261977703,-0.000260716266254824,1.6564737607935,0.998076055526832,1,198.066965497366
